# Blender 4.4.3
# www.blender.org
mtllib Untitled.mtl
o 1_low
v -0.001377 1.077387 0.153735
v 0.549351 1.076947 0.055172
v -0.001298 1.715207 0.153709
v 0.548922 1.702392 0.054785
v -0.245600 1.160203 0.100667
v -0.243712 1.633635 0.101048
v -0.902784 1.544982 0.024847
v -0.903231 1.585516 0.024754
v -0.949719 1.577082 0.004304
v -0.949995 1.585643 0.004334
v 1.061993 1.158441 0.053275
v 0.869811 1.945822 0.053608
v 0.393491 0.468348 0.054014
v 0.512136 0.107721 0.053691
v 0.261771 1.165315 0.095652
v 0.261857 1.661123 0.095646
v 0.132042 1.673170 0.122603
v 0.131894 1.140113 0.122619
v 0.387860 1.161742 0.072143
v 0.387769 1.667140 0.072101
v 0.441028 1.146958 0.064511
v 0.440791 1.675237 0.064415
v 0.495018 1.119393 0.058139
v 0.492886 1.686349 0.057977
v 0.326910 1.661962 0.083600
v 0.326876 1.168360 0.083591
v 0.200102 1.158416 0.108829
v 0.200227 1.663688 0.108829
v 0.067879 1.690091 0.136753
v 0.067728 1.114330 0.136766
v -0.582551 1.429340 0.049978
v -0.583035 1.591256 0.049955
v -0.409840 1.328492 0.072871
v -0.410433 1.606156 0.072834
v -0.354980 1.284582 0.081405
v -0.300125 1.228320 0.090734
v -0.300836 1.623199 0.090692
v -0.355624 1.614354 0.081378
v -0.465240 1.601092 0.064877
v -0.520017 1.596050 0.057570
v -0.519502 1.397461 0.057591
v -0.464672 1.365046 0.064904
v -0.657008 1.588500 0.042167
v -0.739177 1.586555 0.034893
v -0.821343 1.585719 0.029097
v -0.820931 1.519175 0.029107
v -0.738756 1.491271 0.034909
v -0.656557 1.461589 0.042178
v -0.184627 1.145036 0.112321
v -0.123230 1.126554 0.124977
v -0.061842 1.103459 0.138892
v -0.061845 1.689849 0.138895
v -0.123226 1.666404 0.124976
v -0.184630 1.647744 0.112318
v 0.635767 0.833164 0.053753
v 0.529020 0.588803 0.053772
v 0.800659 0.396100 0.053278
v 0.994495 0.755309 0.053275
v 1.030831 0.887167 0.053275
v 1.051583 1.022010 0.053274
v 0.606003 1.001757 0.053723
v 0.632173 0.919297 0.053737
v 0.621393 0.740843 0.053730
v 0.581454 0.657776 0.053751
v 0.877910 0.508978 0.053277
v 0.944751 0.628092 0.053277
v 0.486782 0.544193 0.053785
v 0.442591 0.502075 0.053761
v 0.614239 0.196677 0.053276
v 0.711595 0.292665 0.053277
v 0.815811 1.870799 0.053724
v 0.745151 1.813721 0.053860
v 0.676529 1.763013 0.053906
v 0.615745 1.733257 0.054321
v 1.062593 1.294902 0.053276
v 1.045841 1.430651 0.053275
v 1.015099 1.563739 0.053275
v 0.971825 1.693407 0.053275
v 0.921969 1.820655 0.053277
v -0.001377 1.077387 -0.153735
v 0.549351 1.076947 -0.055173
v -0.001298 1.715207 -0.153710
v 0.548922 1.702392 -0.054786
v -0.245600 1.160203 -0.100668
v -0.243712 1.633635 -0.101049
v -0.902784 1.544982 -0.024848
v -0.903231 1.585516 -0.024755
v -0.949719 1.577082 -0.004305
v -0.949995 1.585643 -0.004335
v 1.061993 1.158441 -0.053275
v 0.869811 1.945822 -0.053610
v 0.393491 0.468348 -0.054014
v 0.512136 0.107721 -0.053691
v 0.261771 1.165315 -0.095653
v 0.261857 1.661123 -0.095647
v 0.132042 1.673170 -0.122604
v 0.131894 1.140113 -0.122619
v 0.387860 1.161742 -0.072143
v 0.387769 1.667140 -0.072102
v 0.441028 1.146958 -0.064512
v 0.440791 1.675237 -0.064416
v 0.495018 1.119393 -0.058139
v 0.492886 1.686349 -0.057978
v 0.326910 1.661962 -0.083601
v 0.326876 1.168360 -0.083592
v 0.200102 1.158416 -0.108830
v 0.200227 1.663688 -0.108830
v 0.067879 1.690091 -0.136754
v 0.067728 1.114330 -0.136767
v -0.582551 1.429340 -0.049979
v -0.583035 1.591256 -0.049956
v -0.409840 1.328492 -0.072872
v -0.410433 1.606156 -0.072835
v -0.354980 1.284582 -0.081406
v -0.300125 1.228320 -0.090735
v -0.300836 1.623199 -0.090693
v -0.355624 1.614354 -0.081379
v -0.465240 1.601092 -0.064878
v -0.520017 1.596050 -0.057571
v -0.519502 1.397461 -0.057592
v -0.464672 1.365046 -0.064905
v -0.657008 1.588500 -0.042168
v -0.739177 1.586555 -0.034894
v -0.821343 1.585719 -0.029098
v -0.820931 1.519175 -0.029108
v -0.738756 1.491271 -0.034910
v -0.656557 1.461589 -0.042179
v -0.184627 1.145036 -0.112321
v -0.123230 1.126554 -0.124977
v -0.061842 1.103459 -0.138893
v -0.061845 1.689849 -0.138896
v -0.123226 1.666404 -0.124977
v -0.184630 1.647744 -0.112319
v 0.635767 0.833164 -0.053753
v 0.529020 0.588803 -0.053773
v 0.800659 0.396100 -0.053278
v 0.994495 0.755309 -0.053276
v 1.030831 0.887167 -0.053276
v 1.051583 1.022010 -0.053275
v 0.606003 1.001757 -0.053723
v 0.632173 0.919297 -0.053737
v 0.621393 0.740843 -0.053730
v 0.581454 0.657776 -0.053752
v 0.877910 0.508978 -0.053277
v 0.944751 0.628092 -0.053277
v 0.486782 0.544193 -0.053785
v 0.442591 0.502075 -0.053761
v 0.614239 0.196677 -0.053277
v 0.711595 0.292664 -0.053277
v 0.815811 1.870799 -0.053725
v 0.745151 1.813721 -0.053861
v 0.676529 1.763013 -0.053907
v 0.615745 1.733257 -0.054322
v 1.062593 1.294902 -0.053277
v 1.045841 1.430651 -0.053276
v 1.015099 1.563739 -0.053276
v 0.971825 1.693407 -0.053276
v 0.921969 1.820655 -0.053278
v -0.001406 1.077880 -0.000000
v 0.549741 1.077287 -0.000000
v -0.001280 1.714689 -0.000000
v 0.549152 1.702711 -0.000000
v -0.245509 1.160599 -0.000000
v -0.243840 1.633049 -0.000000
v -0.902724 1.545524 -0.000000
v -0.903561 1.584881 -0.000000
v -0.949583 1.577272 -0.000000
v -0.949919 1.585446 -0.000000
v 0.869765 1.945807 -0.000001
v 0.393846 0.468229 -0.000000
v 0.512939 0.107581 -0.000000
v 0.261997 1.165894 -0.000000
v 0.262121 1.660553 -0.000000
v 0.132213 1.672567 -0.000000
v 0.131983 1.140713 -0.000000
v 0.388206 1.162245 -0.000000
v 0.388067 1.666726 -0.000000
v 0.441430 1.147375 -0.000000
v 0.441076 1.674991 -0.000000
v 0.495436 1.119754 -0.000000
v 0.493133 1.686269 -0.000000
v 0.327198 1.661396 -0.000000
v 0.327163 1.168953 -0.000000
v 0.200276 1.159032 -0.000000
v 0.200460 1.663091 -0.000000
v 0.068004 1.689495 -0.000000
v 0.067765 1.114917 -0.000000
v -0.582449 1.429887 -0.000000
v -0.583158 1.590686 -0.000000
v -0.409666 1.329008 -0.000000
v -0.410569 1.605575 -0.000000
v -0.354758 1.285074 -0.000000
v -0.299857 1.228764 -0.000000
v -0.300971 1.622624 -0.000000
v -0.355753 1.613783 -0.000000
v -0.465375 1.600527 -0.000000
v -0.520141 1.595483 -0.000000
v -0.519380 1.398001 -0.000000
v -0.464529 1.365572 -0.000000
v -0.657123 1.587937 -0.000000
v -0.739276 1.585994 -0.000000
v -0.821423 1.585160 -0.000000
v -0.820838 1.519721 -0.000000
v -0.738674 1.491818 -0.000000
v -0.656471 1.462144 -0.000000
v -0.184732 1.145620 -0.000000
v -0.123320 1.127141 -0.000000
v -0.061914 1.104039 -0.000000
v -0.061918 1.689272 -0.000000
v -0.123313 1.665817 -0.000000
v -0.184738 1.647158 -0.000000
v 0.636372 0.833129 -0.000000
v 0.529467 0.588424 -0.000000
v 0.606575 1.002044 -0.000000
v 0.632788 0.919405 -0.000000
v 0.621996 0.740655 -0.000000
v 0.581973 0.657459 -0.000000
v 0.487187 0.543789 -0.000000
v 0.442968 0.501611 -0.000000
v 0.816279 1.870366 -0.000001
v 0.745501 1.813270 -0.000001
v 0.676841 1.762533 -0.000000
v 0.615965 1.733103 -0.000000
v 1.189278 1.187437 -0.000000
v 0.933754 2.077986 -0.000001
v 0.546989 -0.023459 0.000000
v 0.891210 0.312791 -0.000000
v 1.117842 0.726839 -0.000000
v 1.158590 0.877861 -0.000000
v 1.180255 1.031872 -0.000000
v 0.982354 0.443370 -0.000000
v 1.060637 0.580732 -0.000000
v 0.669240 0.080688 -0.000000
v 0.785392 0.192628 -0.000000
v 1.186345 1.342718 -0.000000
v 1.162262 1.496699 -0.000000
v 1.121198 1.647287 -0.000000
v 1.064925 1.793684 -0.000001
v 1.000680 1.937194 -0.000001
vn -0.3106 -0.9505 -0.0000
vn -0.3109 -0.9502 -0.0185
vn -0.4150 -0.9096 -0.0222
vn -0.4347 -0.9006 -0.0000
vn -0.5589 -0.8289 -0.0246
vn -0.5590 -0.8291 -0.0000
vn -0.9593 -0.2823 -0.0000
vn -0.9579 -0.2867 -0.0113
vn -0.9497 -0.3130 -0.0095
vn -0.9497 -0.3130 -0.0000
vn 0.0173 -0.0016 0.9998
vn 0.0034 -0.0027 1.0000
vn 0.0036 0.0003 1.0000
vn 0.0010 -0.0010 1.0000
vn 0.0023 -0.0004 1.0000
vn 0.0027 -0.0002 1.0000
vn 0.0012 -0.0009 1.0000
vn 0.0012 -0.0005 1.0000
vn 0.0013 -0.0007 1.0000
vn 0.0012 -0.0003 1.0000
vn 0.0022 -0.0034 1.0000
vn 0.0023 -0.0038 1.0000
vn 0.0011 -0.0000 1.0000
vn 0.0034 -0.0033 1.0000
vn 0.0029 -0.0003 1.0000
vn 0.0035 -0.0015 1.0000
vn 0.0034 0.0044 1.0000
vn 0.0029 0.0012 1.0000
vn 0.0044 0.0048 1.0000
vn -0.2134 -0.0000 0.9770
vn -0.1959 -0.0000 0.9806
vn -0.2316 -0.0000 0.9728
vn 0.4225 -0.9064 -0.0000
vn 0.4291 -0.9032 -0.0036
vn 0.4714 -0.8819 -0.0033
vn 0.4714 -0.8819 -0.0000
vn -0.0812 -0.0002 0.9967
vn -0.0794 -0.0002 0.9968
vn -0.0614 0.0002 0.9981
vn -0.0632 0.0001 0.9980
vn -0.0985 -0.0002 0.9951
vn -0.0966 -0.0002 0.9953
vn -0.1145 -0.0002 0.9934
vn -0.1126 -0.0002 0.9936
vn -0.1400 -0.0002 0.9901
vn -0.1384 -0.0002 0.9904
vn -0.1264 -0.0002 0.9920
vn -0.1280 -0.0002 0.9918
vn -0.1508 -0.0002 0.9886
vn -0.1492 -0.0002 0.9888
vn -0.1762 -0.0002 0.9844
vn -0.1739 -0.0002 0.9848
vn -0.1615 -0.0002 0.9869
vn -0.1639 -0.0002 0.9865
vn -0.1852 -0.0001 0.9827
vn -0.1838 -0.0001 0.9830
vn 0.2084 -0.0000 0.9780
vn 0.2030 -0.0000 0.9792
vn 0.2033 -0.0000 0.9791
vn 0.2077 -0.0000 0.9782
vn 0.1963 -0.0000 0.9806
vn 0.1836 -0.0000 0.9830
vn 0.1957 -0.0000 0.9807
vn 0.1289 0.0004 0.9917
vn 0.0770 0.0006 0.9970
vn 0.0832 0.0005 0.9965
vn 0.1301 0.0004 0.9915
vn 0.1616 0.0001 0.9869
vn 0.1624 0.0001 0.9867
vn 0.2298 -0.0000 0.9732
vn 0.2289 -0.0000 0.9734
vn 0.0040 0.0005 1.0000
vn 0.0034 0.0010 1.0000
vn 0.0243 0.0016 0.9997
vn 0.0243 0.0015 -0.9997
vn 0.0035 0.0006 -1.0000
vn 0.0173 -0.0016 -0.9998
vn 0.0035 0.0006 1.0000
vn -0.1761 -0.0013 0.9844
vn -0.2322 -0.0022 0.9727
vn -0.4019 -0.0048 0.9157
vn -0.9679 -0.2515 -0.0000
vn -0.8600 0.5104 -0.0000
vn -0.8545 0.5195 -0.0029
vn -0.9001 0.4357 -0.0000
vn 0.0137 0.9999 -0.0000
vn 0.0137 0.9995 -0.0287
vn 0.0043 0.9997 -0.0249
vn 0.0058 1.0000 -0.0000
vn -0.0061 0.9998 -0.0197
vn -0.0059 1.0000 -0.0000
vn -0.2647 0.9643 -0.0048
vn -0.2611 0.9653 -0.0000
vn -0.2055 0.9787 -0.0000
vn -0.2086 0.9780 -0.0054
vn -0.2380 -0.0000 0.9713
vn -0.3961 -0.9182 -0.0000
vn -0.3961 -0.9182 -0.0032
vn -0.3771 -0.9262 -0.0035
vn -0.3740 -0.9274 -0.0000
vn 0.2383 -0.0000 0.9712
vn 0.3411 0.9400 -0.0000
vn 0.3411 0.9400 -0.0034
vn 0.3042 0.9526 -0.0038
vn 0.2981 0.9545 -0.0000
vn -0.7276 0.6860 -0.0000
vn -0.7275 0.6861 -0.0085
vn 0.3160 -0.9487 -0.0000
vn 0.3233 -0.9463 -0.0044
vn -0.5927 -0.8054 -0.0071
vn -0.5899 -0.8075 -0.0000
vn -0.6714 -0.7411 -0.0000
vn -0.6749 -0.7379 -0.0062
vn -0.3278 0.9447 -0.0042
vn -0.3235 0.9462 -0.0000
vn 0.0954 0.9954 -0.0052
vn 0.0890 0.9960 -0.0000
vn 0.1961 0.9806 -0.0000
vn 0.2039 0.9790 -0.0045
vn -0.3734 0.9277 -0.0036
vn -0.3713 0.9285 -0.0000
vn -0.1537 0.9881 -0.0067
vn -0.1531 0.9882 -0.0000
vn -0.1194 0.9929 -0.0000
vn -0.1221 0.9925 -0.0076
vn -0.0457 0.9989 -0.0065
vn -0.0502 0.9987 -0.0000
vn 0.0136 0.9999 -0.0000
vn 0.0170 0.9998 -0.0059
vn -0.5333 -0.8459 -0.0080
vn -0.5315 -0.8470 -0.0000
vn -0.3241 -0.9460 -0.0042
vn -0.3199 -0.9475 -0.0000
vn -0.7083 0.7059 -0.0108
vn -0.7083 0.7059 -0.0000
vn -0.6292 0.7773 -0.0000
vn -0.6291 0.7773 -0.0096
vn 0.1947 -0.9809 -0.0051
vn 0.1849 -0.9828 -0.0000
vn 0.0782 -0.9969 -0.0000
vn 0.0823 -0.9966 -0.0060
vn -0.2668 -0.9637 -0.0045
vn -0.2639 -0.9645 -0.0000
vn -0.7621 0.6474 -0.0109
vn -0.7622 0.6474 -0.0000
vn -0.0838 0.9964 -0.0096
vn -0.0832 0.9965 -0.0000
vn -0.0559 0.9984 -0.0000
vn -0.0573 0.9983 -0.0112
vn -0.2399 -0.9708 -0.0045
vn -0.2399 -0.9708 -0.0000
vn -0.5642 0.8257 -0.0000
vn -0.5641 0.8256 -0.0083
vn -0.3709 -0.9286 -0.0129
vn -0.3691 -0.9294 -0.0000
vn -0.4250 -0.9052 -0.0000
vn -0.4267 -0.9043 -0.0108
vn 0.3874 0.0241 0.9216
vn 0.3862 0.0330 0.9218
vn 0.3797 0.0786 0.9218
vn 0.3809 0.0707 0.9219
vn -0.4271 0.9042 -0.0039
vn -0.4271 0.9042 -0.0000
vn -0.3488 0.9372 -0.0000
vn -0.3469 0.9379 0.0003
vn -0.3304 -0.9437 -0.0156
vn -0.3300 -0.9440 -0.0000
vn -0.9549 0.2968 -0.0116
vn -0.9549 0.2968 -0.0000
vn -0.8529 0.5220 -0.0000
vn -0.8529 0.5220 -0.0113
vn -0.9983 0.0563 -0.0115
vn -0.9984 0.0563 -0.0000
vn -0.0166 0.9997 -0.0159
vn -0.0163 0.9999 -0.0000
vn -0.0302 0.9995 -0.0133
vn -0.0298 0.9996 -0.0000
vn -0.8881 -0.4596 -0.0112
vn -0.8885 -0.4589 -0.0000
vn -0.9848 -0.1735 -0.0000
vn -0.9848 -0.1735 -0.0116
vn -0.0318 -0.9995 -0.0000
vn -0.0223 -0.9997 -0.0069
vn -0.7115 -0.7026 -0.0100
vn -0.7133 -0.7009 -0.0000
vn -0.7518 -0.6594 -0.0050
vn -0.7493 -0.6622 -0.0000
vn -0.7811 -0.6244 -0.0000
vn -0.7811 -0.6243 -0.0042
vn -0.1163 0.9932 -0.0061
vn -0.1199 0.9928 -0.0000
vn -0.2446 0.9696 -0.0000
vn -0.2426 0.9701 -0.0015
vn -0.4819 -0.8762 -0.0092
vn -0.4798 -0.8774 -0.0000
vn -0.5179 0.8554 -0.0090
vn -0.5181 0.8553 -0.0000
vn -0.3567 -0.9342 -0.0083
vn -0.3643 -0.9313 -0.0000
vn -0.5383 -0.8428 -0.0000
vn -0.5343 -0.8453 -0.0090
vn -0.6113 0.7913 -0.0109
vn -0.6114 0.7914 -0.0000
vn -0.0912 0.9958 -0.0085
vn -0.0912 0.9958 -0.0000
vn -0.1818 0.9833 -0.0000
vn -0.1793 0.9838 -0.0046
vn -0.1815 -0.9834 -0.0077
vn -0.1899 -0.9818 -0.0000
vn -0.9990 -0.0365 -0.0244
vn -0.9993 -0.0365 -0.0000
vn -0.1701 0.9854 -0.0060
vn -0.1690 0.9856 -0.0000
vn 0.3748 0.1608 0.9131
vn 0.3789 0.1656 0.9105
vn 0.3831 0.1704 0.9078
vn 0.3362 -0.2108 0.9179
vn 0.3549 -0.1679 0.9197
vn 0.3543 -0.1696 0.9196
vn 0.3886 -0.0135 0.9213
vn 0.3889 -0.0092 0.9212
vn 0.3791 -0.0811 0.9218
vn 0.3797 -0.0775 0.9218
vn 0.3856 -0.0394 0.9218
vn 0.3852 -0.0427 0.9219
vn 0.3154 -0.2439 0.9171
vn 0.3141 -0.2456 0.9171
vn 0.2715 -0.2926 0.9169
vn 0.2685 -0.2953 0.9169
vn 0.2888 -0.2756 0.9169
vn 0.2912 -0.2732 0.9168
vn 0.3698 -0.1236 0.9208
vn 0.3704 -0.1214 0.9209
vn 0.2614 -0.3018 0.9168
vn 0.3697 0.1415 0.9183
vn 0.3701 0.1476 0.9172
vn 0.3740 0.1100 0.9209
vn 0.3723 0.1183 0.9205
vn -0.3861 0.9225 -0.0034
vn -0.3861 0.9225 -0.0000
vn 0.0037 -0.0011 1.0000
vn -0.4150 -0.9096 0.0222
vn -0.3109 -0.9502 0.0185
vn -0.5589 -0.8289 0.0246
vn -0.9497 -0.3130 0.0095
vn -0.9579 -0.2867 0.0113
vn 0.0036 0.0003 -1.0000
vn 0.0034 -0.0027 -1.0000
vn 0.0010 -0.0010 -1.0000
vn 0.0027 -0.0002 -1.0000
vn 0.0023 -0.0004 -1.0000
vn 0.0012 -0.0009 -1.0000
vn 0.0012 -0.0005 -1.0000
vn 0.0013 -0.0007 -1.0000
vn 0.0012 -0.0003 -1.0000
vn 0.0022 -0.0034 -1.0000
vn 0.0011 -0.0000 -1.0000
vn 0.0023 -0.0038 -1.0000
vn 0.0034 -0.0033 -1.0000
vn 0.0035 -0.0015 -1.0000
vn 0.0029 -0.0003 -1.0000
vn 0.0034 0.0044 -1.0000
vn 0.0029 0.0012 -1.0000
vn 0.0044 0.0048 -1.0000
vn -0.2134 -0.0000 -0.9770
vn -0.1959 -0.0000 -0.9806
vn -0.2316 -0.0000 -0.9728
vn 0.4714 -0.8819 0.0033
vn 0.4291 -0.9032 0.0036
vn -0.0812 -0.0002 -0.9967
vn -0.0632 0.0001 -0.9980
vn -0.0614 0.0002 -0.9981
vn -0.0794 -0.0002 -0.9968
vn -0.0985 -0.0002 -0.9951
vn -0.0966 -0.0002 -0.9953
vn -0.1145 -0.0002 -0.9934
vn -0.1126 -0.0002 -0.9936
vn -0.1400 -0.0002 -0.9901
vn -0.1280 -0.0002 -0.9918
vn -0.1264 -0.0002 -0.9920
vn -0.1384 -0.0002 -0.9904
vn -0.1508 -0.0002 -0.9886
vn -0.1492 -0.0002 -0.9888
vn -0.1762 -0.0002 -0.9844
vn -0.1639 -0.0002 -0.9865
vn -0.1615 -0.0002 -0.9869
vn -0.1739 -0.0002 -0.9848
vn -0.1852 -0.0001 -0.9827
vn -0.1838 -0.0001 -0.9830
vn 0.2084 -0.0000 -0.9780
vn 0.2077 -0.0000 -0.9782
vn 0.2033 -0.0000 -0.9791
vn 0.2030 -0.0000 -0.9792
vn 0.1963 -0.0000 -0.9806
vn 0.1957 -0.0000 -0.9807
vn 0.1836 -0.0000 -0.9830
vn 0.1289 0.0004 -0.9917
vn 0.1301 0.0004 -0.9915
vn 0.0832 0.0005 -0.9965
vn 0.0770 0.0006 -0.9970
vn 0.1616 0.0001 -0.9869
vn 0.1624 0.0001 -0.9867
vn 0.2298 -0.0000 -0.9732
vn 0.2289 -0.0000 -0.9734
vn 0.0040 0.0005 -1.0000
vn 0.0034 0.0010 -1.0000
vn -0.1761 -0.0013 -0.9844
vn -0.4019 -0.0048 -0.9157
vn -0.2322 -0.0022 -0.9727
vn -0.8545 0.5195 0.0029
vn 0.0043 0.9997 0.0249
vn 0.0137 0.9995 0.0287
vn -0.0061 0.9998 0.0197
vn -0.2647 0.9643 0.0048
vn -0.2086 0.9780 0.0054
vn -0.2380 -0.0000 -0.9713
vn -0.3771 -0.9262 0.0035
vn -0.3961 -0.9182 0.0032
vn 0.2383 -0.0000 -0.9712
vn 0.3042 0.9526 0.0038
vn 0.3411 0.9400 0.0034
vn -0.7275 0.6861 0.0085
vn 0.3233 -0.9463 0.0044
vn -0.5927 -0.8054 0.0071
vn -0.6749 -0.7379 0.0062
vn -0.3278 0.9447 0.0042
vn 0.0954 0.9954 0.0052
vn 0.2039 0.9790 0.0045
vn -0.3734 0.9277 0.0036
vn -0.1537 0.9881 0.0067
vn -0.1221 0.9925 0.0076
vn -0.0457 0.9989 0.0065
vn 0.0170 0.9998 0.0059
vn -0.5333 -0.8459 0.0080
vn -0.3241 -0.9460 0.0042
vn -0.7083 0.7059 0.0108
vn -0.6291 0.7773 0.0096
vn 0.1947 -0.9809 0.0052
vn 0.0823 -0.9966 0.0060
vn -0.2668 -0.9637 0.0045
vn -0.7621 0.6474 0.0109
vn -0.0838 0.9964 0.0096
vn -0.0573 0.9983 0.0112
vn -0.2399 -0.9708 0.0045
vn -0.5641 0.8256 0.0083
vn -0.3709 -0.9286 0.0129
vn -0.4267 -0.9043 0.0108
vn 0.3874 0.0241 -0.9216
vn 0.3809 0.0707 -0.9219
vn 0.3797 0.0786 -0.9218
vn 0.3862 0.0330 -0.9218
vn -0.4271 0.9042 0.0039
vn -0.3469 0.9379 -0.0003
vn -0.3304 -0.9437 0.0156
vn -0.9549 0.2968 0.0116
vn -0.8529 0.5220 0.0113
vn -0.9983 0.0563 0.0115
vn -0.0166 0.9997 0.0159
vn -0.0302 0.9995 0.0133
vn -0.8881 -0.4596 0.0112
vn -0.9848 -0.1735 0.0116
vn -0.0223 -0.9997 0.0069
vn -0.7115 -0.7026 0.0100
vn -0.7518 -0.6594 0.0050
vn -0.7811 -0.6243 0.0042
vn -0.1163 0.9932 0.0061
vn -0.2426 0.9701 0.0015
vn -0.4819 -0.8762 0.0092
vn -0.5179 0.8554 0.0090
vn -0.3567 -0.9342 0.0083
vn -0.5343 -0.8453 0.0090
vn -0.6113 0.7913 0.0109
vn -0.0912 0.9958 0.0085
vn -0.1793 0.9838 0.0046
vn -0.1815 -0.9834 0.0077
vn -0.9990 -0.0365 0.0244
vn -0.1701 0.9854 0.0060
vn 0.3748 0.1608 -0.9131
vn 0.3831 0.1704 -0.9078
vn 0.3789 0.1656 -0.9105
vn 0.3362 -0.2108 -0.9179
vn 0.3543 -0.1696 -0.9196
vn 0.3549 -0.1679 -0.9197
vn 0.3886 -0.0135 -0.9213
vn 0.3889 -0.0092 -0.9212
vn 0.3791 -0.0811 -0.9218
vn 0.3852 -0.0427 -0.9219
vn 0.3856 -0.0394 -0.9218
vn 0.3797 -0.0775 -0.9218
vn 0.3154 -0.2439 -0.9171
vn 0.3141 -0.2456 -0.9171
vn 0.2715 -0.2926 -0.9169
vn 0.2912 -0.2732 -0.9168
vn 0.2888 -0.2756 -0.9169
vn 0.2685 -0.2953 -0.9169
vn 0.3698 -0.1236 -0.9208
vn 0.3704 -0.1214 -0.9209
vn 0.2614 -0.3018 -0.9168
vn 0.3697 0.1415 -0.9183
vn 0.3701 0.1476 -0.9172
vn 0.3740 0.1100 -0.9209
vn 0.3723 0.1183 -0.9205
vn -0.3861 0.9225 0.0034
vn 0.0037 -0.0011 -1.0000
vt 0.310067 0.883420
vt 0.310089 0.891116
vt 0.287401 0.889994
vt 0.287353 0.883420
vt 0.272376 0.884558
vt 0.272377 0.883420
vt 0.357346 0.836708
vt 0.357441 0.822527
vt 0.457708 0.822442
vt 0.457648 0.836708
vt 0.808736 0.601590
vt 0.943377 0.626407
vt 0.942621 0.662320
vt 0.857655 0.395659
vt 0.796101 0.460087
vt 0.784788 0.448560
vt 0.832874 0.369433
vt 0.880196 0.423706
vt 0.806880 0.472252
vt 0.916236 0.485974
vt 0.830073 0.513233
vt 0.820172 0.490942
vt 0.899585 0.454089
vt 0.928379 0.519823
vt 0.833199 0.537752
vt 0.941549 0.590418
vt 0.824185 0.582102
vt 0.831650 0.560495
vt 0.936994 0.554782
vt 0.856132 0.797322
vt 0.902781 0.800067
vt 0.874498 0.812763
vt 0.838274 0.783575
vt 0.916545 0.766759
vt 0.822381 0.775397
vt 0.627278 0.610610
vt 0.624058 0.753286
vt 0.607600 0.747980
vt 0.610600 0.615120
vt 0.644052 0.604881
vt 0.640553 0.759857
vt 0.826693 0.879339
vt 0.826761 0.843235
vt 0.847449 0.838749
vt 0.847407 0.879339
vt 0.460579 0.703287
vt 0.459900 0.728467
vt 0.438136 0.727755
vt 0.438641 0.710171
vt 0.482565 0.695934
vt 0.481690 0.729473
vt 0.502425 0.687855
vt 0.501331 0.730645
vt 0.534212 0.671572
vt 0.532654 0.733953
vt 0.518079 0.732290
vt 0.519399 0.679809
vt 0.549073 0.662241
vt 0.547261 0.735621
vt 0.579050 0.636430
vt 0.576507 0.740788
vt 0.561872 0.738119
vt 0.564008 0.650967
vt 0.594104 0.618758
vt 0.591788 0.743892
vt 0.696459 0.615757
vt 0.714741 0.621010
vt 0.711756 0.754548
vt 0.693315 0.756639
vt 0.731366 0.623210
vt 0.748847 0.624410
vt 0.745908 0.754863
vt 0.728428 0.754247
vt 0.779570 0.619445
vt 0.794102 0.612484
vt 0.790164 0.762312
vt 0.776357 0.759062
vt 0.765286 0.623032
vt 0.762246 0.756602
vt 0.679248 0.608551
vt 0.675849 0.760719
vt 0.772111 0.439201
vt 0.806746 0.344955
vt 0.928580 0.732830
vt 0.804902 0.766886
vt 0.804902 0.766886
vt 0.937371 0.697954
vt 0.808736 0.601591
vt 0.937371 0.697954
vt 0.416825 0.716503
vt 0.416464 0.727213
vt 0.402977 0.726941
vt 0.403092 0.724680
vt 0.321591 0.836708
vt 0.343417 0.944471
vt 0.343192 0.958640
vt 0.304602 0.943874
vt 0.855023 0.952332
vt 0.855026 0.953478
vt 0.842589 0.958683
vt 0.842776 0.952143
vt 0.820939 0.959498
vt 0.821079 0.951810
vt 0.651218 0.978859
vt 0.651741 0.949208
vt 0.667780 0.949455
vt 0.667303 0.976131
vt 0.660662 0.598362
vt 0.656875 0.766931
vt 0.362194 0.822055
vt 0.321591 0.822108
vt 0.325514 0.804718
vt 0.362194 0.804646
vt 0.600065 0.948414
vt 0.599439 0.989017
vt 0.580091 0.984223
vt 0.580587 0.948115
vt 0.367842 0.944846
vt 0.367626 0.959039
vt 0.808430 0.879339
vt 0.808502 0.846972
vt 0.430356 0.902660
vt 0.430309 0.883420
vt 0.448867 0.883420
vt 0.448913 0.904909
vt 0.634222 0.981942
vt 0.634794 0.948948
vt 0.544508 0.976295
vt 0.544872 0.947566
vt 0.563056 0.947845
vt 0.562630 0.980211
vt 0.616819 0.985358
vt 0.617438 0.948681
vt 0.697371 0.971401
vt 0.697759 0.949915
vt 0.712391 0.950140
vt 0.712040 0.969370
vt 0.511140 0.969125
vt 0.511408 0.947052
vt 0.528585 0.947316
vt 0.528272 0.972567
vt 0.412949 0.900561
vt 0.412905 0.883420
vt 0.329190 0.787395
vt 0.362194 0.787321
vt 0.532391 0.865136
vt 0.532393 0.879339
vt 0.516264 0.879339
vt 0.516265 0.865143
vt 0.789852 0.850611
vt 0.789772 0.879339
vt 0.773386 0.879339
vt 0.773461 0.854086
vt 0.332530 0.770458
vt 0.362194 0.770387
vt 0.548620 0.865138
vt 0.548622 0.879339
vt 0.741165 0.965789
vt 0.741444 0.950586
vt 0.758132 0.950843
vt 0.757887 0.964035
vt 0.335605 0.753862
vt 0.362194 0.753856
vt 0.500584 0.879339
vt 0.500530 0.865070
vt 0.356126 0.894565
vt 0.356091 0.883420
vt 0.377418 0.883420
vt 0.377457 0.896623
vt 0.977786 0.676023
vt 0.970503 0.716646
vt 0.432052 0.960182
vt 0.432239 0.945835
vt 0.451628 0.946133
vt 0.451491 0.960607
vt 0.333029 0.892648
vt 0.333001 0.883420
vt 0.595880 0.865139
vt 0.595881 0.879339
vt 0.571515 0.879339
vt 0.571512 0.865140
vt 0.620583 0.865137
vt 0.620583 0.879339
vt 0.799210 0.960694
vt 0.799380 0.951477
vt 0.777470 0.962281
vt 0.777677 0.951143
vt 0.666271 0.865129
vt 0.666270 0.879339
vt 0.643380 0.879339
vt 0.643375 0.865135
vt 0.756171 0.879339
vt 0.756245 0.857270
vt 0.691186 0.864753
vt 0.691172 0.879339
vt 0.469661 0.907371
vt 0.469621 0.883420
vt 0.492633 0.883420
vt 0.492696 0.909997
vt 0.495055 0.965844
vt 0.495279 0.946804
vt 0.467049 0.946370
vt 0.466874 0.961685
vt 0.396123 0.898631
vt 0.396081 0.883420
vt 0.414178 0.959795
vt 0.414389 0.945561
vt 0.725451 0.862301
vt 0.725385 0.879339
vt 0.709375 0.879339
vt 0.709423 0.863977
vt 0.391634 0.959447
vt 0.391852 0.945215
vt 0.726609 0.967495
vt 0.726922 0.950363
vt 0.481115 0.946586
vt 0.480919 0.963599
vt 0.740036 0.860289
vt 0.739968 0.879339
vt 0.323881 0.753522
vt 0.322736 0.753469
vt 0.322736 0.751309
vt 0.323874 0.751260
vt 0.682679 0.973634
vt 0.683110 0.949690
vt 0.925825 0.832418
vt 0.907654 0.869391
vt 0.888384 0.832856
vt 0.930284 0.436140
vt 0.949865 0.473254
vt 0.979634 0.634919
vt 0.973575 0.552730
vt 0.978283 0.593662
vt 0.907202 0.400753
vt 0.850600 0.337243
vt 0.880265 0.367975
vt 0.963899 0.512419
vt 0.819344 0.308428
vt 0.943357 0.794741
vt 0.958868 0.756279
vt 0.287401 0.876846
vt 0.310089 0.875725
vt 0.272376 0.882282
vt 0.457708 0.850973
vt 0.357441 0.850889
vt 0.943377 0.626407
vt 0.857654 0.395659
vt 0.832874 0.369434
vt 0.784788 0.448560
vt 0.796101 0.460087
vt 0.880196 0.423706
vt 0.806880 0.472252
vt 0.916236 0.485974
vt 0.899585 0.454089
vt 0.820172 0.490942
vt 0.830073 0.513233
vt 0.928379 0.519823
vt 0.833199 0.537752
vt 0.941548 0.590418
vt 0.936994 0.554782
vt 0.831649 0.560495
vt 0.824185 0.582102
vt 0.856131 0.797322
vt 0.902780 0.800067
vt 0.838273 0.783574
vt 0.916545 0.766759
vt 0.822381 0.775397
vt 0.627278 0.610609
vt 0.610600 0.615120
vt 0.607600 0.747980
vt 0.624059 0.753286
vt 0.644052 0.604881
vt 0.640552 0.759857
vt 0.847449 0.919930
vt 0.826761 0.915443
vt 0.460579 0.703287
vt 0.438641 0.710171
vt 0.438136 0.727755
vt 0.459900 0.728467
vt 0.481690 0.729473
vt 0.502425 0.687855
vt 0.501331 0.730645
vt 0.519399 0.679809
vt 0.532654 0.733952
vt 0.547261 0.735621
vt 0.579050 0.636430
vt 0.564008 0.650968
vt 0.561872 0.738118
vt 0.576507 0.740788
vt 0.594104 0.618758
vt 0.591788 0.743892
vt 0.696459 0.615757
vt 0.693315 0.756639
vt 0.711756 0.754548
vt 0.714741 0.621010
vt 0.731366 0.623210
vt 0.745908 0.754863
vt 0.748847 0.624410
vt 0.779570 0.619445
vt 0.776357 0.759062
vt 0.790164 0.762312
vt 0.794102 0.612484
vt 0.765286 0.623032
vt 0.762246 0.756602
vt 0.679247 0.608551
vt 0.675849 0.760718
vt 0.806746 0.344955
vt 0.772111 0.439201
vt 0.928579 0.732830
vt 0.416825 0.716503
vt 0.403092 0.724680
vt 0.416464 0.727213
vt 0.343628 0.930300
vt 0.842790 0.945601
vt 0.855061 0.951186
vt 0.821175 0.944122
vt 0.652129 0.919555
vt 0.668123 0.922776
vt 0.660662 0.598362
vt 0.656875 0.766931
vt 0.398875 0.804718
vt 0.402797 0.822108
vt 0.581200 0.912009
vt 0.600686 0.907811
vt 0.368062 0.930652
vt 0.808502 0.911706
vt 0.430356 0.864180
vt 0.448913 0.861931
vt 0.635236 0.915951
vt 0.545391 0.918839
vt 0.563624 0.915482
vt 0.617946 0.912002
vt 0.698032 0.928427
vt 0.712631 0.930908
vt 0.511818 0.924981
vt 0.529048 0.922066
vt 0.412949 0.866280
vt 0.395199 0.787395
vt 0.532391 0.893542
vt 0.516265 0.893534
vt 0.789851 0.908067
vt 0.773461 0.904592
vt 0.391859 0.770458
vt 0.548620 0.893540
vt 0.741632 0.935382
vt 0.758293 0.937649
vt 0.388784 0.753862
vt 0.500530 0.893607
vt 0.356126 0.872275
vt 0.377457 0.870217
vt 0.970503 0.716646
vt 0.977786 0.676023
vt 0.432492 0.931490
vt 0.451936 0.931662
vt 0.333029 0.874192
vt 0.595880 0.893539
vt 0.571512 0.893538
vt 0.620583 0.893541
vt 0.799493 0.942258
vt 0.777812 0.940004
vt 0.666271 0.893549
vt 0.643375 0.893543
vt 0.756245 0.901408
vt 0.691186 0.893925
vt 0.469661 0.859470
vt 0.492696 0.856844
vt 0.495640 0.927766
vt 0.467345 0.931058
vt 0.396123 0.868209
vt 0.414616 0.931327
vt 0.725451 0.896377
vt 0.709423 0.894701
vt 0.392072 0.930983
vt 0.727135 0.933230
vt 0.481441 0.929576
vt 0.740036 0.898389
vt 0.321591 0.753522
vt 0.321599 0.751260
vt 0.683415 0.925744
vt 0.888384 0.832856
vt 0.907654 0.869391
vt 0.925825 0.832418
vt 0.949865 0.473254
vt 0.930283 0.436140
vt 0.979634 0.634919
vt 0.978283 0.593661
vt 0.973575 0.552730
vt 0.907202 0.400753
vt 0.880264 0.367975
vt 0.850599 0.337243
vt 0.963898 0.512419
vt 0.819344 0.308429
vt 0.943357 0.794741
vt 0.958868 0.756279
s 1
usemtl Kapak_Low_Poly
f 203/1/1 46/2/2 7/3/3 165/4/4
f 165/4/4 7/3/3 9/5/5 167/6/6
f 171/7/7 14/8/8 13/9/9 170/10/10
f 2/11/11 11/12/12 75/13/13
f 70/14/14 67/15/14 68/16/15 69/17/16
f 57/18/17 56/19/17 67/15/14 70/14/14
f 66/20/18 63/21/18 64/22/19 65/23/19
f 58/24/20 55/25/20 63/21/18 66/20/18
f 60/26/21 61/27/22 62/28/23 59/29/23
f 11/12/12 2/11/11 61/27/22 60/26/21
f 65/23/19 64/22/19 56/19/17 57/18/17
f 59/29/23 62/28/23 55/25/20 58/24/20
f 72/30/24 79/31/25 71/32/26
f 73/33/27 79/31/25 72/30/24
f 79/31/25 73/33/27 78/34/28
f 74/35/29 78/34/28 73/33/27
f 50/36/30 53/37/30 54/38/31 49/39/31
f 51/40/32 52/41/32 53/37/30 50/36/30
f 187/42/33 30/43/34 1/44/35 159/45/36
f 47/46/37 44/47/38 45/48/39 46/49/40
f 48/50/41 43/51/42 44/47/38 47/46/37
f 31/52/43 32/53/44 43/51/42 48/50/41
f 42/54/45 39/55/46 40/56/47 41/57/48
f 33/58/49 34/59/50 39/55/46 42/54/45
f 36/60/51 37/61/52 38/62/53 35/63/54
f 5/64/55 6/65/56 37/61/52 36/60/51
f 35/63/54 38/62/53 34/59/50 33/58/49
f 41/57/48 40/56/47 32/53/44 31/52/43
f 18/66/57 27/67/58 28/68/59 17/69/60
f 15/70/61 26/71/62 25/72/62 16/73/63
f 21/74/64 23/75/65 24/76/66 22/77/67
f 19/78/68 21/74/64 22/77/67 20/79/69
f 26/71/62 19/78/68 20/79/69 25/72/62
f 30/80/70 18/66/57 17/69/60 29/81/71
f 27/67/58 15/70/61 16/73/63 28/68/59
f 69/17/16 68/16/15 13/82/72 14/83/72
f 77/84/73 78/34/28 74/35/29
f 4/85/74 77/84/73 74/35/29
f 83/86/75 155/87/76 81/88/77
f 75/13/13 76/89/78 2/11/11
f 7/90/79 8/91/80 10/92/81 9/93/81
f 46/49/40 45/48/39 8/91/80 7/90/79
f 23/75/65 2/11/11 4/85/74 24/76/66
f 171/7/7 226/94/82 14/8/8
f 169/95/83 12/96/84 225/97/85
f 49/39/31 54/38/31 6/65/56 5/64/55
f 168/98/86 10/99/87 8/100/88 166/101/89
f 166/101/89 8/100/88 45/102/90 202/103/91
f 54/104/92 211/105/93 164/106/94 6/107/95
f 1/108/96 3/109/96 52/41/32 51/40/32
f 159/110/97 1/111/98 51/112/99 208/113/100
f 1/108/101 30/80/70 29/81/71 3/109/101
f 161/114/102 3/115/103 29/116/104 186/117/105
f 220/118/106 71/119/107 12/96/84 169/95/83
f 30/43/34 187/42/33 175/120/108 18/121/109
f 33/122/110 190/123/111 192/124/112 35/125/113
f 53/126/114 210/127/115 211/105/93 54/104/92
f 28/128/116 185/129/117 174/130/118 17/131/119
f 52/132/120 209/133/121 210/127/115 53/126/114
f 38/134/122 195/135/123 191/136/124 34/137/125
f 25/138/126 182/139/127 173/140/128 16/141/129
f 42/142/130 199/143/131 190/123/111 33/122/110
f 50/144/132 207/145/133 208/113/100 51/112/99
f 67/146/134 218/147/135 219/148/136 68/149/137
f 27/150/138 184/151/139 172/152/140 15/153/141
f 49/154/142 206/155/143 207/145/133 50/144/132
f 56/156/144 213/157/145 218/147/135 67/146/134
f 40/158/146 197/159/147 189/160/148 32/161/149
f 5/162/150 163/163/151 206/155/143 49/154/142
f 68/149/137 219/148/136 170/164/152 13/165/153
f 48/166/154 205/167/155 188/168/156 31/169/157
f 75/13/158 235/170/159 236/171/160 76/89/161
f 74/172/162 223/173/163 162/174/164 4/175/165
f 17/131/119 174/130/118 186/117/105 29/116/104
f 47/176/166 204/177/167 205/167/155 48/166/154
f 63/178/168 216/179/169 217/180/170 64/181/171
f 46/2/2 203/1/1 204/177/167 47/176/166
f 55/182/172 212/183/173 216/179/169 63/178/168
f 16/141/129 173/140/128 185/129/117 28/128/116
f 18/121/109 175/120/108 184/151/139 27/150/138
f 44/184/174 201/185/175 202/103/91 45/102/90
f 43/186/176 200/187/177 201/185/175 44/184/174
f 61/188/178 214/189/179 215/190/180 62/191/181
f 15/153/141 172/152/140 183/192/182 26/193/183
f 32/161/149 189/160/148 200/187/177 43/186/176
f 2/194/184 160/195/185 214/189/179 61/188/178
f 36/196/186 193/197/187 163/198/188 5/199/189
f 20/200/190 177/201/191 182/139/127 25/138/126
f 4/175/165 162/174/164 181/202/192 24/203/193
f 41/204/194 198/205/195 199/143/131 42/142/130
f 73/206/196 222/207/197 223/173/163 74/172/162
f 21/208/198 178/209/199 180/210/200 23/211/201
f 31/169/157 188/168/156 198/205/195 41/204/194
f 72/212/202 221/213/203 222/207/197 73/206/196
f 39/214/204 196/215/205 197/159/147 40/158/146
f 71/119/107 220/118/106 221/213/203 72/212/202
f 24/203/193 181/202/192 179/216/206 22/217/207
f 34/137/125 191/136/124 196/215/205 39/214/204
f 19/218/208 176/219/209 178/209/199 21/208/198
f 64/181/171 217/180/170 213/157/145 56/156/144
f 23/211/201 180/210/200 160/195/185 2/194/184
f 62/191/181 215/190/180 212/183/173 55/182/172
f 10/220/210 168/221/211 167/222/211 9/223/210
f 22/217/207 179/216/206 177/201/191 20/200/190
f 37/224/212 194/225/213 195/135/123 38/134/122
f 26/193/183 183/192/182 176/219/209 19/218/208
f 6/107/95 164/106/94 194/225/213 37/224/212
f 35/125/113 192/124/112 193/197/187 36/196/186
f 79/31/214 239/226/215 225/227/216 12/228/216
f 65/23/217 231/229/217 232/230/218 66/20/219
f 11/12/220 224/231/221 235/170/159 75/13/158
f 59/29/222 229/232/223 230/233/224 60/26/225
f 57/18/226 227/234/227 231/229/217 65/23/217
f 69/17/228 233/235/229 234/236/230 70/14/231
f 58/24/232 228/237/233 229/232/223 59/29/222
f 60/26/225 230/233/224 224/231/221 11/12/220
f 14/83/234 226/238/234 233/235/229 69/17/228
f 78/34/235 238/239/236 239/226/215 79/31/214
f 66/20/219 232/230/218 228/237/233 58/24/232
f 77/84/237 237/240/238 238/239/236 78/34/235
f 70/14/231 234/236/230 227/234/227 57/18/226
f 76/89/161 236/171/160 237/240/238 77/84/237
f 209/133/121 52/132/120 3/115/239 161/114/240
f 79/31/25 12/228/241 71/32/26
f 203/1/1 165/4/4 86/241/242 125/242/243
f 165/4/4 167/6/6 88/243/244 86/241/242
f 171/7/7 170/10/10 92/244/245 93/245/246
f 81/88/77 154/13/247 90/246/248
f 149/247/249 148/248/250 147/249/251 146/250/249
f 136/251/252 149/247/249 146/250/249 135/252/252
f 145/253/253 144/254/254 143/255/254 142/256/253
f 137/257/255 145/253/253 142/256/253 134/258/255
f 139/259/256 138/260/257 141/261/257 140/262/258
f 90/246/248 139/259/256 140/262/258 81/88/77
f 144/254/254 136/251/252 135/252/252 143/255/254
f 138/260/257 137/257/255 134/258/255 141/261/257
f 151/263/259 150/32/260 158/264/261
f 152/265/262 151/263/259 158/264/261
f 158/264/261 157/266/263 152/265/262
f 153/267/264 152/265/262 157/266/263
f 129/268/265 128/269/266 133/270/266 132/271/265
f 130/272/267 129/268/265 132/271/265 131/273/267
f 187/42/33 159/45/36 80/274/268 109/275/269
f 126/276/270 125/277/271 124/278/272 123/279/273
f 127/50/274 126/276/270 123/279/273 122/280/275
f 110/281/276 127/50/274 122/280/275 111/282/277
f 121/54/278 120/283/279 119/56/280 118/284/281
f 112/58/282 121/54/278 118/284/281 113/285/283
f 115/286/284 114/287/285 117/288/286 116/289/287
f 84/290/288 115/286/284 116/289/287 85/291/289
f 114/287/285 112/58/282 113/285/283 117/288/286
f 120/283/279 110/281/276 111/282/277 119/56/280
f 97/292/290 96/293/291 107/294/292 106/295/293
f 94/296/294 95/73/295 104/297/296 105/298/296
f 100/299/297 101/300/298 103/301/299 102/302/300
f 98/303/301 99/304/302 101/300/298 100/299/297
f 105/298/296 104/297/296 99/304/302 98/303/301
f 109/305/303 108/306/304 96/293/291 97/292/290
f 106/295/293 107/294/292 95/73/295 94/296/294
f 148/248/250 93/307/305 92/308/305 147/249/251
f 156/309/306 153/267/264 157/266/263
f 83/86/75 153/267/264 156/309/306
f 156/309/306 155/87/76 83/86/75
f 86/310/307 88/311/308 89/92/308 87/312/309
f 125/277/271 86/310/307 87/312/309 124/278/272
f 102/302/300 103/301/299 83/86/75 81/88/77
f 171/7/7 93/245/246 226/94/82
f 169/95/83 225/97/85 91/313/310
f 128/269/266 84/290/288 85/291/289 133/270/266
f 168/98/86 166/101/89 87/314/311 89/315/312
f 166/101/89 202/103/91 124/316/313 87/314/311
f 133/317/314 85/318/315 164/106/94 211/105/93
f 80/319/316 130/272/267 131/273/267 82/320/316
f 159/110/97 208/113/100 130/321/317 80/322/318
f 80/319/319 82/320/319 108/306/304 109/305/303
f 161/114/102 186/117/105 108/323/320 82/324/321
f 220/118/106 169/95/83 91/313/310 150/325/322
f 109/275/269 97/326/323 175/120/108 187/42/33
f 112/327/324 114/328/325 192/124/112 190/123/111
f 132/329/326 133/317/314 211/105/93 210/127/115
f 107/330/327 96/331/328 174/130/118 185/129/117
f 131/332/329 132/329/326 210/127/115 209/133/121
f 117/333/330 113/334/331 191/136/124 195/135/123
f 104/335/332 95/336/333 173/140/128 182/139/127
f 121/337/334 112/327/324 190/123/111 199/143/131
f 129/338/335 130/321/317 208/113/100 207/145/133
f 146/339/336 147/340/337 219/148/136 218/147/135
f 106/341/338 94/342/339 172/152/140 184/151/139
f 128/343/340 129/338/335 207/145/133 206/155/143
f 135/344/341 146/339/336 218/147/135 213/157/145
f 119/345/342 111/346/343 189/160/148 197/159/147
f 84/347/344 128/343/340 206/155/143 163/163/151
f 147/340/337 92/348/345 170/164/152 219/148/136
f 127/349/346 110/350/347 188/168/156 205/167/155
f 154/13/348 155/87/349 236/351/350 235/352/351
f 153/353/352 83/354/353 162/174/164 223/173/163
f 96/331/328 108/323/320 186/117/105 174/130/118
f 126/355/354 127/349/346 205/167/155 204/177/167
f 142/356/355 143/357/356 217/180/170 216/179/169
f 125/242/243 126/355/354 204/177/167 203/1/1
f 134/358/357 142/356/355 216/179/169 212/183/173
f 95/336/333 107/330/327 185/129/117 173/140/128
f 97/326/323 106/341/338 184/151/139 175/120/108
f 123/359/358 124/316/313 202/103/91 201/185/175
f 122/360/359 123/359/358 201/185/175 200/187/177
f 140/361/360 141/362/361 215/190/180 214/189/179
f 94/342/339 105/363/362 183/192/182 172/152/140
f 111/346/343 122/360/359 200/187/177 189/160/148
f 81/364/363 140/361/360 214/189/179 160/195/185
f 115/365/364 84/366/365 163/198/188 193/197/187
f 99/367/366 104/335/332 182/139/127 177/201/191
f 83/354/353 103/368/367 181/202/192 162/174/164
f 120/369/368 121/337/334 199/143/131 198/205/195
f 152/370/369 153/353/352 223/173/163 222/207/197
f 100/371/370 102/372/371 180/210/200 178/209/199
f 110/350/347 120/369/368 198/205/195 188/168/156
f 151/373/372 152/370/369 222/207/197 221/213/203
f 118/374/373 119/345/342 197/159/147 196/215/205
f 150/325/322 151/373/372 221/213/203 220/118/106
f 103/368/367 101/375/374 179/216/206 181/202/192
f 113/334/331 118/374/373 196/215/205 191/136/124
f 98/376/375 100/371/370 178/209/199 176/219/209
f 143/357/356 135/344/341 213/157/145 217/180/170
f 102/372/371 81/364/363 160/195/185 180/210/200
f 141/362/361 134/358/357 212/183/173 215/190/180
f 89/377/376 88/378/376 167/222/211 168/221/211
f 101/375/374 99/367/366 177/201/191 179/216/206
f 116/379/377 117/333/330 195/135/123 194/225/213
f 105/363/362 98/376/375 176/219/209 183/192/182
f 85/318/315 116/379/377 194/225/213 164/106/94
f 114/328/325 115/365/364 193/197/187 192/124/112
f 158/264/378 91/380/379 225/381/379 239/382/380
f 144/254/381 145/253/382 232/383/383 231/384/381
f 90/246/384 154/13/348 235/352/351 224/385/385
f 138/260/386 139/259/387 230/386/388 229/387/389
f 136/251/390 144/254/381 231/384/381 227/388/391
f 148/248/392 149/247/393 234/389/394 233/390/395
f 137/257/396 138/260/386 229/387/389 228/391/397
f 139/259/387 90/246/384 224/385/385 230/386/388
f 93/307/398 148/248/392 233/390/395 226/392/398
f 157/266/399 158/264/378 239/382/380 238/393/400
f 145/253/382 137/257/396 228/391/397 232/383/383
f 156/309/401 157/266/399 238/393/400 237/394/402
f 149/247/393 136/251/390 227/388/391 234/389/394
f 155/87/349 156/309/401 237/394/402 236/351/350
f 209/133/121 161/114/240 82/324/403 131/332/329
f 158/264/261 150/32/260 91/380/404
f 76/89/78 77/84/73 4/85/74
f 76/89/78 4/85/74 2/11/11
f 155/87/76 154/13/247 81/88/77
o 2_low
v -0.001431 0.277871 -0.115172
v 0.000773 0.369658 -0.110340
v -0.075602 0.418659 -0.090549
v -0.122342 0.370796 -0.054198
v -0.143845 0.418263 0.001307
v -0.143349 0.511974 -0.001485
v -0.121627 0.562099 0.056836
v -0.075572 0.514244 0.094726
v -0.002321 0.563366 0.115598
v -0.003597 0.653462 0.113939
v 0.064624 0.610705 0.094422
v 0.067978 0.704663 0.094411
v 0.116100 0.656616 0.056992
v 0.119903 0.754346 0.052112
v 0.121707 0.750471 -0.052250
v 0.116024 0.845951 -0.056933
v 0.068274 0.800479 -0.092973
v 0.063386 0.893979 -0.095064
v -0.000935 0.849255 -0.108075
v -0.001802 0.941655 -0.109284
v -0.069910 0.896942 -0.095024
v -0.077716 0.989284 -0.093716
v -0.123301 0.944778 -0.057961
v -0.147390 0.993843 -0.001718
v -0.150012 1.073508 0.000890
v -0.124261 1.034706 0.054264
v -0.003394 1.282319 0.174392
v -0.074027 0.325276 -0.094701
v 0.065787 0.324479 -0.094297
v 0.068699 0.419043 -0.090347
v 0.119253 0.371447 -0.054360
v 0.142393 0.418947 0.001176
v 0.142295 0.513997 0.000119
v 0.116078 0.561344 0.057447
v 0.068814 0.513857 0.095373
v -0.074162 0.608746 0.092892
v -0.075847 0.703331 0.093578
v -0.121936 0.655483 0.055986
v -0.129561 0.755101 0.050928
v -0.125674 0.752685 -0.051977
v -0.122817 0.844687 -0.052864
v -0.076068 0.798299 -0.093314
v 0.068103 0.990255 -0.093318
v 0.120183 0.942633 -0.056857
v 0.143667 0.988944 -0.000994
v 0.146060 1.075853 -0.000798
v 0.123540 1.038136 0.053761
v -0.000270 1.420076 0.167556
v -0.153718 1.137833 0.129462
v -0.156484 1.119934 0.118325
v -0.100717 1.097067 0.136004
v -0.093785 1.115409 0.146276
v 0.154930 1.127475 0.118610
v 0.149991 1.144499 0.130327
v 0.092158 1.124979 0.146658
v 0.098824 1.106512 0.136964
v 0.133529 1.695433 0.126877
v 0.130175 1.672666 0.143383
v 0.201594 1.666325 0.127740
v 0.204409 1.686498 0.109832
v -0.129162 1.663923 0.140229
v -0.134832 1.684787 0.124614
v -0.202451 1.665806 0.110258
v -0.197422 1.646124 0.127099
v -0.004921 0.276447 0.112803
v -0.001714 0.371606 0.112357
v -0.075192 0.419479 0.095050
v -0.122527 0.371178 0.057375
v -0.129785 0.468419 0.051895
v -0.129311 0.466330 -0.051860
v -0.121822 0.561657 -0.056024
v -0.075142 0.513293 -0.092130
v -0.002545 0.565236 -0.108078
v -0.002690 0.655879 -0.107605
v 0.064557 0.609080 -0.096776
v 0.067490 0.703848 -0.093871
v 0.117730 0.656254 -0.056733
v 0.142700 0.703655 -0.000000
v 0.142592 0.798616 -0.000000
v 0.115998 0.846011 0.056962
v 0.069471 0.800808 0.092375
v -0.001474 0.850009 0.110546
v -0.005728 0.941880 0.110493
v -0.071976 0.893540 0.097550
v -0.077561 0.989089 0.094715
v -0.124818 0.941865 0.057098
v -0.136669 1.035939 -0.053021
v -0.004352 1.281693 -0.167027
v -0.071497 0.324441 0.102150
v 0.062885 0.324563 0.102122
v 0.068215 0.419879 0.094854
v 0.116028 0.371819 0.057521
v 0.117723 0.470868 0.055338
v 0.121899 0.466592 -0.052991
v 0.115906 0.561713 -0.057023
v 0.068337 0.514664 -0.093398
v -0.070285 0.612936 -0.098417
v -0.075457 0.704286 -0.092971
v -0.122136 0.655926 -0.055340
v -0.143810 0.709112 -0.001182
v -0.144398 0.799634 0.000003
v -0.121196 0.845536 0.058228
v -0.075529 0.799240 0.094781
v 0.065109 0.896571 0.100428
v 0.065144 0.990595 0.093469
v 0.116051 0.941101 0.056970
v 0.121110 1.035007 -0.053650
v -0.001131 1.418963 -0.173366
v -0.154798 1.138809 -0.130810
v -0.157947 1.120698 -0.119501
v -0.103478 1.096093 -0.138571
v -0.095840 1.114303 -0.148890
v 0.149394 1.122227 -0.124936
v 0.146051 1.140119 -0.135848
v 0.086502 1.120961 -0.148986
v 0.094007 1.102538 -0.138921
v 0.133529 1.695433 -0.126878
v 0.130828 1.672545 -0.143243
v 0.201994 1.666267 -0.127654
v 0.204409 1.686498 -0.109833
v -0.130428 1.663238 -0.140038
v -0.134832 1.684787 -0.124615
v -0.202451 1.665806 -0.110259
v -0.198332 1.645656 -0.126985
v -0.039152 1.352255 0.158850
v 0.034642 1.353438 0.157350
v 0.041909 1.350255 -0.157880
v -0.047103 1.348925 -0.155510
v -0.001437 0.277871 -0.092693
v -0.001695 0.371857 -0.093125
v -0.062156 0.418952 -0.076659
v -0.104446 0.371447 -0.043730
v -0.118572 0.418947 0.001695
v -0.118422 0.513951 0.000636
v -0.103743 0.561445 0.046635
v -0.062173 0.513988 0.081104
v -0.002195 0.563057 0.098453
v -0.001563 0.657067 0.096744
v 0.057528 0.611308 0.083154
v 0.054423 0.703861 0.080794
v 0.097940 0.656195 0.046727
v 0.102977 0.753243 0.040475
v 0.101784 0.750261 -0.042472
v 0.097831 0.846384 -0.046591
v 0.054646 0.801418 -0.078906
v 0.056370 0.894344 -0.072446
v -0.004584 0.846447 -0.093623
v -0.001814 0.940667 -0.093204
v -0.061515 0.896464 -0.080758
v -0.064460 0.988947 -0.079481
v -0.107134 0.941447 -0.046736
v -0.126500 0.988947 -0.000000
v -0.122404 1.083561 -0.000000
v -0.103687 1.035403 0.047947
v -0.004088 1.281636 0.157170
v -0.063415 0.323951 -0.076723
v 0.054619 0.323947 -0.076721
v 0.055082 0.419046 -0.076577
v 0.097856 0.371447 -0.043631
v 0.118087 0.418947 0.001583
v 0.118024 0.514090 0.000530
v 0.097958 0.561776 0.047323
v 0.055206 0.514637 0.081829
v -0.063176 0.608849 0.077963
v -0.062483 0.703647 0.079843
v -0.104060 0.656131 0.045770
v -0.109691 0.751336 0.046324
v -0.112215 0.753008 -0.043906
v -0.105197 0.843809 -0.044005
v -0.066606 0.798860 -0.078659
v 0.054206 0.988951 -0.079392
v 0.098061 0.941447 -0.046576
v 0.117790 0.988947 -0.000000
v 0.117815 1.083951 -0.000000
v 0.105418 1.037106 0.041994
v -0.001114 1.419811 0.150332
v -0.146046 1.139367 0.120317
v -0.147800 1.132285 0.115464
v -0.091453 1.110321 0.128703
v -0.088010 1.118947 0.133101
v 0.139660 1.138789 0.115517
v 0.137884 1.146064 0.120330
v 0.078719 1.125629 0.133124
v 0.082218 1.116854 0.128814
v 0.128015 1.675562 0.119273
v 0.123498 1.666600 0.127549
v 0.194863 1.656029 0.113198
v 0.199615 1.664980 0.104953
v -0.122356 1.657300 0.124553
v -0.126906 1.665744 0.117045
v -0.194816 1.645358 0.104896
v -0.190132 1.636974 0.112285
v -0.004927 0.276447 0.094464
v -0.001551 0.370733 0.094030
v -0.062202 0.418952 0.081494
v -0.104470 0.371447 0.047821
v -0.109595 0.468319 0.045241
v -0.109103 0.466447 -0.044417
v -0.103731 0.561446 -0.045786
v -0.062120 0.513992 -0.078167
v -0.001927 0.562320 -0.091152
v -0.002046 0.656498 -0.090583
v 0.058150 0.608967 -0.078970
v 0.059185 0.702723 -0.078630
v 0.097937 0.656199 -0.046187
v 0.118575 0.703662 0.000073
v 0.118463 0.798621 -0.000000
v 0.097491 0.847258 0.046518
v 0.056356 0.801635 0.078508
v -0.001419 0.848028 0.093519
v -0.005003 0.941451 0.093272
v -0.062138 0.893427 0.082064
v -0.064414 0.988947 0.080857
v -0.107100 0.941447 0.046735
v -0.115489 1.035411 -0.047940
v -0.004190 1.281639 -0.149796
v -0.063536 0.323951 0.086459
v 0.054673 0.323947 0.086458
v 0.055051 0.419050 0.081431
v 0.097881 0.371447 0.047705
v 0.102131 0.469006 0.043957
v 0.098908 0.466660 -0.044381
v 0.097945 0.561775 -0.046456
v 0.055226 0.514642 -0.078876
v -0.063251 0.608800 -0.081821
v -0.062468 0.703647 -0.078955
v -0.104052 0.656132 -0.045246
v -0.119131 0.703801 0.000098
v -0.119361 0.798951 0.000181
v -0.105058 0.846451 0.046636
v -0.062592 0.798944 0.080767
v 0.061080 0.894761 0.082949
v 0.057946 0.986414 0.081170
v 0.097982 0.941447 0.046636
v 0.096344 1.036247 -0.047611
v -0.001079 1.419808 -0.156145
v -0.146091 1.139367 -0.120318
v -0.147845 1.132285 -0.115464
v -0.091502 1.110321 -0.128704
v -0.088059 1.118947 -0.133101
v 0.139628 1.138789 -0.115518
v 0.137854 1.146064 -0.120331
v 0.078689 1.125629 -0.133125
v 0.082187 1.116854 -0.128814
v 0.128015 1.675562 -0.119274
v 0.123498 1.666600 -0.127550
v 0.194863 1.656029 -0.113199
v 0.199615 1.664980 -0.104954
v -0.122356 1.657300 -0.124554
v -0.126906 1.665744 -0.117046
v -0.194816 1.645358 -0.104897
v -0.190132 1.636974 -0.112286
v -0.036667 1.350347 0.145052
v 0.035385 1.350928 0.141347
v 0.034297 1.351054 -0.141628
v -0.038918 1.349564 -0.139507
vn 0.0069 0.0524 -0.9986
vn 0.0228 0.0441 -0.9988
vn 0.3626 0.0294 -0.9315
vn -0.3511 0.0344 -0.9357
vn -0.7296 -0.0178 -0.6836
vn -0.8727 -0.0015 -0.4883
vn -0.5050 0.0119 -0.8631
vn -0.9994 -0.0357 0.0019
vn -0.8796 0.0138 0.4755
vn -0.9990 0.0428 -0.0146
vn -0.5262 0.0204 0.8501
vn -0.4166 0.0065 0.9091
vn -0.7333 0.0324 0.6791
vn 0.0014 0.0210 0.9998
vn 0.4076 0.0095 0.9131
vn -0.0048 0.0028 1.0000
vn 0.7118 -0.0062 0.7023
vn 0.8323 -0.0043 0.5543
vn 0.5194 -0.0048 0.8545
vn 0.9999 -0.0113 0.0131
vn 0.8367 0.0057 -0.5477
vn 0.9998 0.0176 0.0100
vn 0.4960 0.0003 -0.8683
vn 0.3503 -0.0019 -0.9366
vn 0.7045 0.0134 -0.7096
vn 0.0084 -0.0105 -0.9999
vn -0.3489 -0.0090 -0.9371
vn 0.0080 -0.0048 -1.0000
vn -0.7076 -0.0639 -0.7037
vn -0.9259 -0.0000 -0.3778
vn -0.4860 -0.0303 -0.8734
vn -0.9970 -0.0491 0.0590
vn -0.8866 -0.0529 0.4595
vn -0.9734 -0.2190 0.0678
vn -0.0021 0.0309 0.9995
vn 0.3063 0.0220 0.9517
vn 0.0154 -0.0000 0.9999
vn -0.5376 -0.5415 0.6463
vn -0.4493 -0.6573 0.6051
vn 0.2452 0.3610 0.8998
vn 0.2415 0.2422 0.9397
vn 0.4963 0.0136 -0.8680
vn 0.8396 0.0045 -0.5432
vn 0.7046 -0.0018 -0.7096
vn 0.9996 -0.0084 0.0280
vn 0.9997 0.0164 0.0160
vn 0.8273 0.0073 0.5616
vn 0.7176 0.0126 0.6964
vn 0.5257 0.0169 0.8505
vn -0.5280 -0.0124 0.8491
vn -0.8760 -0.0041 0.4824
vn -0.7288 -0.0243 0.6843
vn -0.9991 -0.0280 -0.0303
vn -0.9994 0.0253 -0.0247
vn -0.8564 0.0050 -0.5164
vn -0.7433 0.0221 -0.6686
vn -0.5249 0.0130 -0.8510
vn 0.4784 0.0051 -0.8781
vn 0.8770 -0.0395 -0.4789
vn 0.6958 0.0044 -0.7182
vn 0.9995 -0.0286 -0.0116
vn 0.9700 -0.2429 -0.0106
vn 0.8926 -0.0424 0.4489
vn 0.4342 -0.6641 0.6086
vn 0.5272 -0.5362 0.6592
vn -0.2800 0.0324 0.9595
vn -0.2583 0.2538 0.9321
vn -0.2710 0.3197 0.9079
vn -0.3551 -0.1683 0.9196
vn -0.3617 -0.1959 0.9115
vn 0.3491 -0.1532 0.9245
vn 0.3590 -0.1992 0.9118
vn 0.1954 0.9053 0.3771
vn 0.2115 0.8487 0.4847
vn -0.3189 0.8624 0.3932
vn -0.3227 0.8159 0.4797
vn -0.3191 0.8589 -0.4005
vn -0.3223 0.8190 -0.4748
vn -0.0024 0.0048 1.0000
vn 0.3105 0.0252 0.9503
vn 0.0087 0.0382 0.9992
vn -0.3083 0.0305 0.9508
vn -0.5133 0.0307 0.8576
vn -0.7394 -0.0035 0.6733
vn -0.7229 0.0134 -0.6908
vn -0.3320 0.0016 -0.9433
vn -0.5014 -0.0181 -0.8650
vn 0.0071 -0.0204 -0.9998
vn 0.0092 0.0226 -0.9997
vn 0.3362 0.0022 -0.9418
vn 0.4842 0.0143 -0.8748
vn 0.7084 0.0012 -0.7058
vn 0.7169 -0.0149 0.6970
vn 0.3382 0.0007 0.9411
vn 0.5123 -0.0407 0.8579
vn -0.0039 -0.0265 0.9996
vn -0.0174 0.0244 0.9995
vn -0.3550 -0.0022 0.9349
vn -0.5151 0.0100 0.8571
vn -0.7300 0.0098 0.6833
vn -0.0298 0.0010 -0.9996
vn -0.0031 -0.0272 -0.9996
vn 0.2450 -0.0301 -0.9690
vn -0.4845 -0.6413 -0.5949
vn -0.5731 -0.5074 -0.6435
vn 0.2578 0.2435 -0.9350
vn 0.2564 0.3564 -0.8985
vn 0.7227 0.0093 0.6911
vn 0.5179 0.0295 0.8549
vn 0.4958 -0.0080 -0.8684
vn 0.7117 0.0118 -0.7024
vn -0.7317 -0.0006 -0.6816
vn -0.5117 0.0198 -0.8589
vn -0.5087 -0.0081 0.8609
vn -0.7312 0.0148 0.6820
vn 0.7059 -0.0024 0.7083
vn 0.4806 0.0363 0.8762
vn 0.4844 -0.5611 -0.6712
vn 0.3879 -0.6814 -0.6206
vn -0.2818 -0.0154 -0.9594
vn -0.2925 0.3038 -0.9067
vn -0.2868 0.2463 -0.9258
vn -0.3540 -0.1782 -0.9181
vn -0.3448 -0.1573 -0.9254
vn 0.2685 -0.1770 -0.9469
vn 0.2802 -0.2122 -0.9362
vn 0.2110 0.8503 -0.4821
vn 0.1958 0.9042 -0.3796
vn -0.9538 0.2955 0.0552
vn -0.9530 0.2954 -0.0675
vn -0.9507 0.2999 -0.0786
vn -0.9518 0.3000 0.0643
vn 0.5123 0.8226 -0.2467
vn 0.4149 0.8008 -0.4320
vn 0.4448 0.8107 -0.3807
vn -0.1408 -0.7454 0.6516
vn -0.2956 -0.7754 0.5580
vn -0.3050 -0.7764 0.5515
vn -0.1455 0.7472 -0.6485
vn -0.2798 0.7602 -0.5863
vn -0.2911 0.7605 -0.5804
vn 0.5280 -0.8125 0.2470
vn 0.4053 -0.8139 0.4163
vn 0.4400 -0.8171 0.3726
vn -0.5370 0.7980 0.2734
vn -0.4678 0.7993 0.3772
vn -0.4886 0.8002 0.3478
vn 0.2670 -0.7821 -0.5630
vn 0.3973 -0.7866 -0.4727
vn 0.2876 -0.7841 -0.5499
vn -0.4172 0.7932 0.4437
vn -0.4284 -0.7823 -0.4521
vn -0.3809 -0.7696 -0.5125
vn -0.4505 -0.7868 -0.4219
vn 0.3291 0.7818 0.5296
vn 0.5211 0.7642 0.3801
vn 0.3652 0.7821 0.5050
vn -0.4970 -0.7927 -0.3531
vn -0.0199 0.9712 -0.2375
vn 0.4086 0.8171 -0.4066
vn 0.4509 0.8252 -0.3402
vn -0.0238 0.9711 -0.2375
vn -0.4205 -0.7764 0.4694
vn -0.4913 -0.7956 0.3545
vn -0.4347 -0.7812 0.4480
vn -0.3599 -0.7515 0.5528
vn 0.4933 -0.8087 0.3204
vn 0.2739 -0.7749 0.5697
vn 0.3007 -0.7783 0.5513
vn 0.5026 -0.8105 0.3009
vn 0.1562 -0.7513 0.6412
vn 0.2836 0.7716 -0.5694
vn 0.1534 0.7629 -0.6281
vn 0.3079 0.7714 -0.5568
vn -0.4158 -0.7596 -0.5000
vn -0.3126 -0.7515 -0.5809
vn -0.3209 -0.7526 -0.5749
vn 0.3671 0.7710 0.5203
vn 0.4190 0.7891 0.4493
vn 0.4376 0.7942 0.4217
vn 0.4387 -0.7989 -0.4114
vn 0.4934 -0.8143 -0.3058
vn 0.5025 -0.8158 -0.2861
vn 0.3031 -0.7801 0.5473
vn 0.1660 -0.7611 0.6270
vn 0.3519 -0.7821 0.5143
vn 0.8640 -0.4706 0.1789
vn 0.6620 -0.6317 0.4033
vn 0.7555 -0.5619 0.3369
vn 0.8654 -0.4716 0.1697
vn -0.6034 0.6721 -0.4291
vn -0.7750 0.4608 -0.4324
vn -0.7775 0.4616 -0.4271
vn -0.6647 0.5900 -0.4584
vn -0.5344 -0.6557 0.5334
vn -0.6998 -0.5238 0.4858
vn -0.7123 -0.5220 0.4692
vn -0.5659 -0.6110 0.5536
vn 0.6773 0.5307 -0.5095
vn 0.4584 0.7353 -0.4992
vn 0.4926 0.6851 -0.5366
vn 0.7012 0.5211 -0.4866
vn 0.8605 0.4043 0.3099
vn 0.8338 0.4505 0.3192
vn 0.8557 0.4131 0.3117
vn 0.5407 -0.6975 0.4702
vn -0.5403 0.8415 -0.0043
vn -0.5398 0.8418 0.0096
vn -0.8630 -0.4878 -0.1315
vn -0.8477 -0.4860 -0.2127
vn -0.8511 -0.4866 -0.1971
vn 0.8043 0.4662 -0.3685
vn -0.4788 -0.7243 0.4961
vn 0.3878 0.8194 -0.4220
vn 0.9669 -0.2537 -0.0265
vn 0.9290 -0.3688 -0.0312
vn 0.9162 -0.4005 -0.0142
vn 0.9633 -0.2661 -0.0357
vn -0.9130 0.3902 0.1185
vn -0.9093 0.3991 0.1178
vn -0.8969 -0.4305 -0.1010
vn -0.9283 -0.3697 -0.0387
vn -0.9251 -0.3763 -0.0517
vn -0.8894 -0.4451 -0.1042
vn 0.9164 0.3966 0.0538
vn 0.8953 0.4352 0.0945
vn 0.8934 0.4403 0.0892
vn 0.9150 0.3986 0.0632
vn 0.9148 0.3957 -0.0812
vn 0.9126 0.3974 -0.0956
vn 0.9665 -0.2543 0.0337
vn 0.9626 -0.2670 0.0454
vn -0.9271 -0.3704 0.0576
vn -0.9230 -0.3771 0.0770
vn -0.8702 -0.4798 -0.1119
vn 0.4284 0.8097 0.4010
vn 0.5439 0.8177 0.1885
vn 0.4663 0.8172 0.3387
vn 0.3374 0.7781 0.5299
vn 0.3517 -0.7809 -0.5163
vn 0.4291 -0.7935 -0.4315
vn 0.4628 -0.7958 -0.3905
vn 0.5347 -0.7926 -0.2930
vn -0.4953 0.8176 -0.2936
vn -0.5626 0.8179 -0.1208
vn -0.5038 0.8190 -0.2745
vn 0.4617 -0.7802 0.4220
vn 0.2961 -0.7825 0.5478
vn 0.3239 -0.7844 0.5290
vn 0.1536 -0.7598 0.6318
vn 0.3220 0.7787 -0.5385
vn 0.1755 0.7605 -0.6251
vn 0.3485 0.7796 -0.5204
vn -0.4530 -0.8032 0.3868
vn -0.5331 -0.8065 0.2555
vn -0.4769 -0.8061 0.3504
vn 0.4215 0.7953 0.4356
vn 0.5379 0.8124 0.2252
vn 0.4560 0.8047 0.3803
vn -0.4309 -0.7861 -0.4432
vn -0.3312 -0.7742 -0.5393
vn -0.3445 -0.7766 -0.5274
vn 0.2789 -0.7912 -0.5442
vn 0.5101 -0.8129 -0.2809
vn 0.5165 -0.8130 -0.2689
vn 0.3031 -0.7950 -0.5255
vn -0.5040 0.7917 0.3452
vn -0.4545 0.7728 0.4430
vn -0.5247 0.7971 0.2987
vn -0.4322 -0.7865 -0.4412
vn -0.3455 -0.7691 -0.5377
vn -0.4630 -0.7895 -0.4028
vn -0.3711 -0.7752 0.5112
vn -0.4887 -0.8027 0.3417
vn -0.3832 -0.7794 0.4957
vn -0.2566 -0.7246 0.6396
vn -0.1760 0.7650 -0.6195
vn -0.3203 0.7844 -0.5311
vn -0.3256 0.7847 -0.5275
vn 0.5736 0.7313 0.3690
vn 0.7245 0.5935 0.3505
vn 0.7635 0.5478 0.3421
vn 0.3088 -0.7967 -0.5196
vn 0.4989 -0.7907 -0.3548
vn 0.3280 -0.7983 -0.5051
vn -0.5808 0.6797 0.4480
vn -0.6248 0.6202 0.4743
vn 0.6367 -0.6687 -0.3840
vn 0.8468 -0.4860 -0.2164
vn 0.8511 -0.4843 -0.2027
vn 0.7200 -0.6032 -0.3432
vn -0.7386 0.4571 0.4956
vn -0.7382 0.4573 0.4959
vn -0.6459 -0.6346 -0.4244
vn -0.7265 -0.5797 -0.3691
vn -0.8799 -0.4245 0.2134
vn -0.8280 -0.4594 0.3215
vn -0.8659 -0.4356 0.2459
vn 0.5041 -0.7471 -0.4334
vn -0.8806 0.4603 0.1122
vn -0.5157 -0.6995 -0.4947
vn 0.9164 -0.3695 0.1539
vn 0.8960 -0.4010 0.1906
vn -0.9096 0.3920 -0.1379
vn -0.9060 0.4009 -0.1360
vn 0.8848 0.4362 -0.1640
vn 0.8827 0.4417 -0.1608
vn -0.5035 -0.8144 0.2885
vn -0.5454 -0.8302 0.1158
vn -0.5089 -0.8174 0.2700
vn -0.4224 0.7549 -0.5018
vn 0.5659 -0.8112 0.1471
vn -0.4170 0.7786 -0.4689
vn -0.5177 0.7914 -0.3250
vn -0.4466 0.7847 -0.4299
vn 0.4382 0.7602 -0.4797
vn -0.4444 -0.8141 0.3738
vn -0.5478 -0.8049 0.2283
vn -0.4763 -0.8141 0.3322
vn 0.4858 0.8036 0.3438
vn -0.4104 0.7585 0.5062
vn -0.2522 0.7641 0.5938
vn -0.2695 0.7647 0.5854
vn 0.5497 -0.8173 -0.1729
vn -0.4130 0.7945 -0.4452
vn -0.4689 0.8034 -0.3669
vn 0.4846 -0.7727 0.4099
vn -0.5897 -0.7977 -0.1264
vn -0.5126 -0.8091 -0.2875
vn -0.5168 -0.8091 -0.2797
vn -0.2677 -0.7851 -0.5585
vn -0.2823 -0.7874 -0.5480
vn -0.3995 0.7692 0.4987
vn -0.3027 0.7594 0.5759
vn -0.3107 0.7606 0.5700
vn 0.4891 0.7697 -0.4103
vn 0.5835 -0.8022 -0.1265
vn -0.5670 0.8017 0.1892
vn 0.3144 0.7828 0.5371
vn 0.4781 0.7757 0.4120
vn 0.3353 0.7837 0.5228
vn -0.5436 -0.7878 -0.2896
vn 0.5357 0.8111 -0.2347
vn 0.4614 0.8011 -0.3812
vn 0.4856 0.8065 -0.3373
vn -0.4628 0.7802 -0.4209
vn 0.5311 -0.7994 0.2809
vn 0.3690 -0.7998 0.4734
vn 0.4154 -0.8048 0.4240
vn -0.5738 0.8190 -0.0021
vn -0.5325 0.8217 0.2031
vn -0.5462 0.8245 0.1477
vn 0.1290 -0.7613 -0.6354
vn -0.4898 0.8021 0.3416
vn -0.2408 -0.7523 -0.6132
vn 0.3266 0.7565 0.5667
vn -0.2998 0.7588 -0.5782
vn 0.3172 0.7862 -0.5304
vn 0.3378 0.7655 -0.5476
vn 0.3082 -0.7936 0.5246
vn 0.1581 -0.7645 -0.6250
vn 0.1611 0.7623 0.6268
vn -0.3404 0.7559 -0.5593
vn -0.3670 -0.8057 0.4650
vn -0.2157 -0.7333 -0.6448
vn -0.1109 0.7491 0.6531
vn -0.1213 -0.7491 -0.6513
vn -0.2133 0.7410 0.6367
vn -0.4233 0.7947 -0.4352
vn -0.3924 -0.7902 0.4708
vn 0.1472 -0.7591 -0.6341
vn 0.1653 0.7628 0.6251
vn 0.4048 0.7823 -0.4735
vn 0.2404 -0.7697 0.5914
vn -0.8044 0.4697 -0.3638
vn 0.8701 0.4718 -0.1426
vn 0.8465 -0.4621 0.2644
vn 0.8828 0.4656 0.0625
vn -0.7659 0.4405 0.4684
vn 0.8728 -0.4776 0.1010
vn 0.8678 -0.4761 -0.1426
vn 0.8849 -0.4654 0.0216
vn -0.8773 0.4641 -0.1221
vn -0.7837 -0.5057 0.3607
vt 0.078708 0.284999
vt 0.078889 0.317182
vt 0.053084 0.301793
vt 0.104506 0.301451
vt 0.126798 0.318072
vt 0.129024 0.350754
vt 0.105003 0.334425
vt 0.147824 0.334169
vt 0.166650 0.350803
vt 0.147836 0.366625
vt 0.190464 0.367649
vt 0.190726 0.400832
vt 0.167976 0.384142
vt 0.216321 0.384913
vt 0.241588 0.400922
vt 0.216261 0.416836
vt 0.264659 0.418187
vt 0.265092 0.450880
vt 0.242754 0.434422
vt 0.286041 0.434659
vt 0.030428 0.449603
vt 0.009345 0.465565
vt 0.009928 0.433011
vt 0.052544 0.466252
vt 0.053312 0.499838
vt 0.030456 0.482212
vt 0.078683 0.484124
vt 0.103591 0.500412
vt 0.078274 0.516985
vt 0.127582 0.517124
vt 0.129566 0.550728
vt 0.105081 0.533312
vt 0.148280 0.535024
vt 0.168668 0.549629
vt 0.148882 0.565561
vt 0.134207 0.622042
vt 0.109344 0.637177
vt 0.086784 0.619806
vt 0.200472 0.587836
vt 0.194850 0.567790
vt 0.237004 0.553716
vt 0.019412 0.896204
vt 0.008193 0.775318
vt 0.032418 0.782472
vt 0.042776 0.879931
vt 0.052875 0.334859
vt 0.030690 0.351529
vt 0.031151 0.318795
vt 0.009730 0.335398
vt 0.286214 0.367482
vt 0.265401 0.351121
vt 0.286257 0.334844
vt 0.264729 0.383784
vt 0.242909 0.367397
vt 0.190350 0.434018
vt 0.166507 0.450615
vt 0.168016 0.417437
vt 0.147859 0.434729
vt 0.147808 0.466424
vt 0.129133 0.450542
vt 0.127791 0.483707
vt 0.105213 0.466949
vt 0.050877 0.532978
vt 0.029909 0.548490
vt 0.029602 0.516663
vt 0.008745 0.533128
vt 0.286238 0.533598
vt 0.286257 0.564450
vt 0.266905 0.549821
vt 0.227479 0.702224
vt 0.186221 0.682238
vt 0.193901 0.662881
vt 0.059596 0.540024
vt 0.083887 0.554767
vt 0.079800 0.650282
vt 0.055623 0.655328
vt 0.193467 0.590914
vt 0.187751 0.569617
vt 0.187279 0.659208
vt 0.179328 0.679760
vt 0.111377 0.605570
vt 0.009189 0.766036
vt 0.033550 0.772790
vt 0.056454 0.664372
vt 0.080627 0.659424
vt 0.056475 0.740275
vt 0.080650 0.745209
vt 0.216914 0.284985
vt 0.240953 0.301637
vt 0.216875 0.317693
vt 0.192851 0.301529
vt 0.190874 0.334591
vt 0.168721 0.318188
vt 0.127819 0.383889
vt 0.103322 0.400672
vt 0.105081 0.367367
vt 0.078823 0.384503
vt 0.078800 0.416840
vt 0.054208 0.400645
vt 0.053108 0.433496
vt 0.031683 0.417005
vt 0.285842 0.467324
vt 0.264293 0.483517
vt 0.240654 0.500429
vt 0.242426 0.467095
vt 0.215982 0.484230
vt 0.215934 0.516971
vt 0.190978 0.500426
vt 0.189858 0.533304
vt 0.167829 0.517205
vt 0.213017 0.627639
vt 0.166059 0.621971
vt 0.191592 0.608806
vt 0.305494 0.709253
vt 0.265250 0.689052
vt 0.273497 0.670048
vt 0.031720 0.560947
vt 0.054270 0.578746
vt 0.036058 0.675798
vt 0.011469 0.681171
vt 0.264848 0.318505
vt 0.242920 0.334758
vt 0.010030 0.368009
vt 0.053221 0.367821
vt 0.031715 0.384193
vt 0.127901 0.417416
vt 0.105114 0.434050
vt 0.190358 0.467312
vt 0.167888 0.483740
vt 0.264320 0.517181
vt 0.242437 0.533334
vt 0.009506 0.564014
vt 0.279245 0.599195
vt 0.275267 0.578659
vt 0.319084 0.567064
vt 0.058356 0.864673
vt 0.055295 0.749322
vt 0.079331 0.754361
vt 0.083887 0.850269
vt 0.258423 0.686090
vt 0.267082 0.665778
vt 0.272004 0.601859
vt 0.268083 0.580093
vt 0.188409 0.640939
vt 0.036716 0.685505
vt 0.011929 0.690477
vt 0.316773 0.592601
vt 0.230081 0.678067
vt 0.235952 0.578825
vt 0.308240 0.685323
vt 0.151055 0.889082
vt 0.144015 0.802023
vt 0.151301 0.804060
vt 0.157919 0.885902
vt 0.089310 0.975795
vt 0.084745 0.944663
vt 0.091180 0.946489
vt 0.094859 0.973699
vt 0.391021 0.385608
vt 0.380661 0.361233
vt 0.387606 0.359265
vt 0.397215 0.380825
vt 0.403889 0.357540
vt 0.398267 0.331658
vt 0.405457 0.331023
vt 0.410868 0.353998
vt 0.065841 0.975429
vt 0.061288 0.944672
vt 0.067714 0.946500
vt 0.071499 0.973637
vt 0.029688 0.973587
vt 0.024534 0.942220
vt 0.030925 0.944257
vt 0.035175 0.971324
vt 0.116131 0.951318
vt 0.121220 0.922961
vt 0.127403 0.924520
vt 0.123278 0.950387
vt 0.028939 0.915162
vt 0.035175 0.919204
vt 0.332440 0.646257
vt 0.336733 0.619223
vt 0.342976 0.623248
vt 0.338833 0.648319
vt 0.308854 0.648723
vt 0.313857 0.620202
vt 0.320047 0.621775
vt 0.316004 0.647792
vt 0.337385 0.677456
vt 0.342976 0.675461
vt 0.356168 0.613603
vt 0.344287 0.584546
vt 0.350953 0.584869
vt 0.361162 0.610393
vt 0.234573 0.950422
vt 0.240042 0.922124
vt 0.246182 0.923818
vt 0.241762 0.949798
vt 0.239456 0.977344
vt 0.246182 0.973358
vt 0.359154 0.361422
vt 0.358495 0.333663
vt 0.365355 0.335796
vt 0.365552 0.361206
vt 0.367975 0.308205
vt 0.373955 0.313253
vt 0.292602 0.644339
vt 0.297040 0.617684
vt 0.303874 0.621497
vt 0.299749 0.645270
vt 0.418252 0.357541
vt 0.411919 0.330638
vt 0.419110 0.331274
vt 0.424520 0.356102
vt 0.054205 0.975434
vt 0.050026 0.946555
vt 0.056452 0.944727
vt 0.060237 0.970914
vt 0.099970 0.975655
vt 0.095910 0.946953
vt 0.102286 0.944908
vt 0.105992 0.971106
vt 0.072551 0.942044
vt 0.076732 0.915797
vt 0.083693 0.919360
vt 0.079682 0.943152
vt 0.333650 0.345538
vt 0.334371 0.337920
vt 0.340135 0.342425
vt 0.339956 0.345976
vt 0.612715 0.562723
vt 0.605565 0.561110
vt 0.607489 0.555014
vt 0.610443 0.555668
vt 0.100476 0.729340
vt 0.099826 0.721795
vt 0.106133 0.721429
vt 0.106301 0.725019
vt 0.453862 0.398623
vt 0.455463 0.391475
vt 0.460876 0.396465
vt 0.460191 0.399464
vt 0.488984 0.423214
vt 0.544788 0.363538
vt 0.549864 0.367045
vt 0.494972 0.425303
vt 0.350358 0.304990
vt 0.357214 0.308266
vt 0.650912 0.540006
vt 0.647948 0.532765
vt 0.570863 0.445476
vt 0.551926 0.383951
vt 0.558181 0.384294
vt 0.576315 0.443137
vt 0.477753 0.476983
vt 0.483860 0.475766
vt 0.115622 0.765538
vt 0.122386 0.762021
vt 0.492196 0.364046
vt 0.496859 0.370331
vt 0.487336 0.488229
vt 0.494321 0.482034
vt 0.498461 0.487117
vt 0.494927 0.489898
vt 0.159372 0.894166
vt 0.161678 0.888333
vt 0.329336 0.524573
vt 0.322370 0.518744
vt 0.329882 0.516893
vt 0.333234 0.519374
vt 0.471502 0.567575
vt 0.464524 0.573539
vt 0.461071 0.568259
vt 0.464229 0.565502
vt 0.465145 0.482026
vt 0.458258 0.485150
vt 0.487442 0.563839
vt 0.495028 0.562149
vt 0.322311 0.442842
vt 0.329826 0.444681
vt 0.444231 0.535043
vt 0.445525 0.529062
vt 0.183742 0.953036
vt 0.188864 0.922549
vt 0.194543 0.924273
vt 0.190060 0.950997
vt 0.188670 0.981805
vt 0.194543 0.977073
vt 0.156038 0.982116
vt 0.151102 0.953373
vt 0.157411 0.951300
vt 0.161904 0.977375
vt 0.156325 0.922549
vt 0.161904 0.924578
vt 0.475844 0.334922
vt 0.481400 0.304756
vt 0.487104 0.306402
vt 0.482231 0.333057
vt 0.260451 0.977524
vt 0.254890 0.950108
vt 0.262014 0.951031
vt 0.266614 0.976022
vt 0.259855 0.923400
vt 0.266614 0.927345
vt 0.531755 0.429319
vt 0.536233 0.402671
vt 0.543061 0.406495
vt 0.538900 0.430261
vt 0.438774 0.335568
vt 0.444453 0.304756
vt 0.450006 0.306851
vt 0.445106 0.333501
vt 0.463339 0.335030
vt 0.469115 0.304756
vt 0.474792 0.306486
vt 0.469729 0.333142
vt 0.208269 0.976166
vt 0.202400 0.948667
vt 0.209529 0.949663
vt 0.214420 0.974626
vt 0.099770 0.864386
vt 0.098916 0.835048
vt 0.105079 0.835757
vt 0.106539 0.861910
vt 0.451058 0.331834
vt 0.456162 0.304756
vt 0.462287 0.308965
vt 0.457391 0.333900
vt 0.498996 0.331992
vt 0.504109 0.304756
vt 0.510256 0.308916
vt 0.505383 0.333855
vt 0.533935 0.331932
vt 0.540240 0.303237
vt 0.546119 0.305395
vt 0.541149 0.331252
vt 0.539076 0.357740
vt 0.546119 0.354327
vt 0.351128 0.682796
vt 0.345474 0.656921
vt 0.352664 0.656277
vt 0.358102 0.679246
vt 0.507245 0.470944
vt 0.487164 0.430310
vt 0.494244 0.428292
vt 0.514457 0.467905
vt 0.287567 0.951556
vt 0.292941 0.923017
vt 0.298918 0.924929
vt 0.294728 0.950785
vt 0.693746 0.526117
vt 0.689927 0.519766
vt 0.311266 0.365062
vt 0.310323 0.357414
vt 0.316581 0.356884
vt 0.316901 0.360425
vt 0.697251 0.519553
vt 0.691380 0.517113
vt 0.552612 0.376267
vt 0.558368 0.380705
vt 0.329320 0.436999
vt 0.444421 0.428891
vt 0.445525 0.435020
vt 0.333203 0.442235
vt 0.327068 0.399569
vt 0.333621 0.395564
vt 0.257358 0.892044
vt 0.256921 0.886125
vt 0.569447 0.342084
vt 0.575361 0.344774
vt 0.494436 0.569995
vt 0.498586 0.564899
vt 0.151400 0.795689
vt 0.154651 0.801089
vt 0.457284 0.477157
vt 0.454688 0.482950
vt 0.381914 0.333475
vt 0.392181 0.304756
vt 0.397215 0.307895
vt 0.388298 0.333864
vt 0.404599 0.304756
vt 0.410868 0.306195
vt 0.368861 0.390384
vt 0.373955 0.387346
vt 0.121839 0.715838
vt 0.126909 0.684669
vt 0.132422 0.686858
vt 0.128290 0.714003
vt 0.297691 0.672696
vt 0.303874 0.671136
vt 0.295527 0.320076
vt 0.300682 0.288709
vt 0.306168 0.290972
vt 0.301919 0.318040
vt 0.054579 0.915797
vt 0.060237 0.917590
vt 0.431612 0.358902
vt 0.425572 0.330571
vt 0.432787 0.331241
vt 0.437722 0.357103
vt 0.100369 0.915797
vt 0.105992 0.917701
vt 0.377980 0.636645
vt 0.380124 0.630251
vt 0.077492 0.970699
vt 0.083693 0.969174
vt 0.159780 0.756442
vt 0.145731 0.730801
vt 0.151789 0.729492
vt 0.164676 0.753092
vt 0.143878 0.701474
vt 0.150882 0.703314
vt 0.522067 0.359538
vt 0.515762 0.330843
vt 0.522976 0.331524
vt 0.527946 0.357379
vt 0.537070 0.457990
vt 0.543061 0.456121
vt 0.110598 0.808195
vt 0.115777 0.811088
vt 0.456635 0.362362
vt 0.462287 0.360551
vt 0.273195 0.950389
vt 0.278756 0.922975
vt 0.284919 0.924477
vt 0.280319 0.949467
vt 0.504552 0.362157
vt 0.510256 0.360511
vt 0.172432 0.982111
vt 0.167210 0.951288
vt 0.173519 0.953361
vt 0.178011 0.980083
vt 0.352005 0.629715
vt 0.358102 0.631455
vt 0.224404 0.980791
vt 0.219300 0.950615
vt 0.225671 0.952459
vt 0.230119 0.979189
vt 0.138082 0.982026
vt 0.132922 0.951259
vt 0.139238 0.953297
vt 0.143671 0.980029
vt 0.292222 0.978586
vt 0.298918 0.974547
vt 0.137863 0.922124
vt 0.143671 0.927064
vt 0.207504 0.922549
vt 0.214420 0.926197
vt 0.468722 0.361296
vt 0.474792 0.356724
vt 0.401388 0.648157
vt 0.401955 0.641686
vt 0.340449 0.554698
vt 0.347201 0.558356
vt 0.088799 0.915797
vt 0.094859 0.920288
vt 0.065459 0.915797
vt 0.071499 0.920314
vt 0.120569 0.977973
vt 0.127403 0.974160
vt 0.313201 0.675369
vt 0.320047 0.671579
vt 0.126150 0.743044
vt 0.132422 0.739074
vt 0.299932 0.347134
vt 0.306168 0.343092
vt 0.417542 0.304756
vt 0.424520 0.308298
vt 0.430674 0.304756
vt 0.437722 0.308158
vt 0.153223 0.676849
vt 0.159604 0.681380
vt 0.520903 0.305036
vt 0.527946 0.308449
vt 0.480948 0.362152
vt 0.487104 0.357996
vt 0.443882 0.362645
vt 0.450006 0.358435
vt 0.109946 0.889419
vt 0.115777 0.884199
vt 0.278160 0.977098
vt 0.284919 0.973152
vt 0.172137 0.922549
vt 0.178011 0.927287
vt 0.224208 0.921699
vt 0.230119 0.926377
vt 0.542938 0.504510
vt 0.546920 0.499864
vt 0.361295 0.474803
vt 0.362074 0.480686
vt 0.616092 0.577970
vt 0.616931 0.571857
vt 0.370144 0.588775
vt 0.369802 0.582851
vt 0.694185 0.436298
vt 0.688012 0.435477
vt 0.351876 0.409947
vt 0.357214 0.407353
vt 0.328059 0.293672
vt 0.333621 0.295736
vt 0.615439 0.473753
vt 0.616931 0.479799
vt 0.248993 0.780662
vt 0.248995 0.786597
vt 0.116970 0.659313
vt 0.122386 0.661740
s 1
usemtl Kapak_Low_Poly
f 240/395/405 241/396/406 268/397/407
f 267/398/408 241/396/406 240/395/405
f 267/398/408 243/399/409 309/400/410 242/401/411
f 244/402/412 309/400/410 243/399/409
f 308/403/413 245/404/414 244/402/412
f 308/403/413 247/405/415 275/406/416 246/407/417
f 248/408/418 275/406/416 247/405/415
f 250/409/419 249/410/420 248/408/418
f 250/409/419 252/411/421 253/412/422 251/413/423
f 317/414/424 253/412/422 252/411/421
f 254/415/425 318/416/426 317/417/424
f 254/415/425 256/418/427 257/419/428 255/420/429
f 258/421/430 257/419/428 256/418/427
f 260/422/431 259/423/432 258/421/430
f 260/422/431 262/424/433 326/425/434 261/426/435
f 263/427/436 326/425/434 262/424/433
f 263/427/436 265/428/437 264/429/438
f 266/430/439 365/431/440 287/432/441
f 290/433/442 289/434/443 264/435/438
f 365/436/440 298/437/444 297/438/445 287/439/441
f 268/397/407 269/440/446 333/441/447 270/442/448
f 333/441/447 271/443/449 270/442/448
f 272/444/450 332/445/451 271/446/449
f 332/445/451 273/447/452 250/409/419 274/448/453
f 250/409/419 248/408/418 274/448/453
f 249/410/420 275/406/416 248/408/418
f 275/406/416 276/449/454 278/450/455 277/451/456
f 278/450/455 339/452/457 277/451/456
f 340/453/458 279/454/459 339/452/457
f 279/454/459 280/455/460 260/422/431 281/456/461
f 260/422/431 258/421/430 281/456/461
f 257/419/428 282/457/462 346/458/463 283/459/464
f 346/458/463 284/460/465 283/459/464
f 284/461/465 285/462/466 286/463/467
f 285/464/466 292/465/468 295/466/469
f 364/467/470 287/468/441 300/469/471 303/470/472
f 290/433/442 291/471/473 288/472/474 289/434/443
f 294/473/475 295/466/469 292/465/468 293/474/476
f 266/430/439 287/432/441 364/475/470
f 298/437/444 299/476/477 296/477/478 297/438/445
f 302/478/479 303/470/472 300/469/471 301/479/480
f 362/480/481 302/478/479 301/479/480 361/481/482
f 304/482/483 329/483/484 305/484/485
f 305/484/485 328/485/486 304/482/483
f 328/485/486 306/486/487 308/403/413 307/487/488
f 308/403/413 244/402/412 307/487/488
f 245/404/414 309/400/410 244/402/412
f 309/400/410 310/488/489 336/489/490 311/490/491
f 336/489/490 312/491/492 311/490/491
f 313/492/493 314/493/494 312/491/492
f 314/493/494 315/494/495 254/415/425 316/495/496
f 254/415/425 317/417/424 316/495/496
f 318/496/426 253/412/422 317/414/424
f 253/412/422 319/497/497 343/498/498 320/499/499
f 343/498/498 321/500/500 320/499/499
f 322/501/501 323/502/502 321/500/500
f 323/502/502 324/503/503 265/428/437 325/504/504
f 265/428/437 263/427/436 325/504/504
f 263/427/436 264/429/438 326/425/434
f 327/505/505 347/506/506 366/507/507
f 264/508/438 349/509/508 350/510/509
f 366/511/507 347/512/506 357/513/510 358/514/511
f 329/483/484 331/515/512 332/445/451 330/516/513
f 271/446/449 332/445/451 331/515/512
f 333/441/447 272/517/450 271/443/449
f 333/441/447 335/518/514 314/493/494 334/519/515
f 312/491/492 314/493/494 335/518/514
f 336/489/490 313/492/493 312/491/492
f 336/489/490 338/520/516 279/454/459 337/521/517
f 339/452/457 279/454/459 338/520/516
f 278/450/455 340/453/458 339/452/457
f 278/450/455 342/522/518 323/502/502 341/523/519
f 321/500/500 323/502/502 342/522/518
f 343/498/498 322/501/501 321/500/500
f 343/498/498 345/524/520 286/463/467 344/525/521
f 284/461/465 286/463/467 345/524/520
f 284/460/465 346/458/463 285/526/466
f 355/527/522 352/528/523 285/529/466
f 367/530/524 363/531/525 360/532/526 347/533/506
f 350/510/509 349/509/508 348/534/527 351/535/528
f 354/536/529 353/537/530 352/528/523 355/527/522
f 327/505/505 367/538/524 347/506/506
f 358/514/511 357/513/510 356/539/531 359/540/532
f 362/480/481 361/481/482 360/532/526 363/531/525
f 267/398/408 242/401/411 241/396/406
f 250/409/419 251/413/423 249/410/420
f 258/421/430 259/423/432 257/419/428
f 260/422/431 261/426/435 259/423/432
f 241/396/406 269/440/446 268/397/407
f 249/410/420 276/449/454 275/406/416
f 259/423/432 282/457/462 257/419/428
f 305/484/485 306/486/487 328/485/486
f 313/492/493 315/494/495 314/493/494
f 322/501/501 324/503/503 323/502/502
f 329/483/484 330/516/513 305/484/485
f 336/489/490 337/521/517 313/492/493
f 343/498/498 344/525/521 322/501/501
f 308/403/413 246/407/417 245/404/414
f 254/415/425 255/420/429 318/416/426
f 272/444/450 273/447/452 332/445/451
f 340/453/458 280/455/460 279/454/459
f 245/404/414 310/488/489 309/400/410
f 318/496/426 319/497/497 253/412/422
f 333/441/447 334/519/515 272/517/450
f 278/450/455 341/523/519 340/453/458
f 291/471/473 266/430/439 364/475/470 288/472/474
f 294/473/475 293/474/476 365/431/440 266/430/439
f 351/535/528 348/534/527 367/538/524 327/505/505
f 354/536/529 327/505/505 366/507/507 353/537/530
f 346/541/463 355/527/522 285/529/466
f 286/542/467 285/464/466 295/466/469
f 265/543/437 290/433/442 264/435/438
f 326/544/434 264/508/438 350/510/509
f 296/545/533 356/546/534 484/547/535 424/548/536
f 241/549/537 242/550/538 370/551/539 369/552/537
f 244/553/540 243/554/541 371/555/542 372/556/540
f 245/557/543 246/558/544 374/559/545 373/560/543
f 248/561/546 247/562/547 375/563/548 376/564/546
f 249/565/549 251/566/550 379/567/551 377/568/549
f 252/569/552 250/570/553 378/571/553 380/572/554
f 251/566/550 253/573/555 381/574/555 379/567/551
f 256/575/556 254/576/557 382/577/557 384/578/558
f 255/579/559 257/580/560 385/581/560 383/582/561
f 258/583/562 256/575/556 384/578/558 386/584/562
f 259/585/563 261/586/564 389/587/565 387/588/566
f 262/589/567 260/590/568 388/591/568 390/592/569
f 263/593/570 262/589/567 390/592/569 391/594/570
f 268/595/571 270/596/572 398/597/573 396/598/574
f 270/596/572 271/599/575 399/600/575 398/597/573
f 273/601/576 272/602/577 400/603/577 401/604/578
f 275/605/579 277/606/580 405/607/581 403/608/579
f 278/609/582 276/610/583 404/611/584 406/612/582
f 279/613/585 281/614/586 409/615/587 407/616/585
f 283/617/588 284/618/589 412/619/589 411/620/590
f 291/621/591 290/622/592 418/623/593 419/624/594
f 289/625/595 288/626/596 416/627/597 417/628/598
f 295/629/599 294/630/600 422/631/601 423/632/602
f 293/633/603 292/634/604 420/635/605 421/636/606
f 353/637/607 366/638/608 494/639/608 481/640/609
f 290/622/592 265/641/610 393/642/610 418/623/593
f 264/643/611 289/625/595 417/628/598 392/644/612
f 327/645/613 354/646/614 482/647/615 455/648/613
f 365/649/616 293/633/603 421/636/606 493/650/616
f 286/651/617 295/629/599 423/632/602 414/652/617
f 292/634/604 285/653/618 413/654/618 420/635/605
f 299/655/619 298/656/620 426/657/621 427/658/622
f 297/659/623 296/545/533 424/548/536 425/660/624
f 303/661/625 302/662/626 430/663/627 431/664/628
f 301/665/629 300/666/630 428/667/631 429/668/632
f 361/669/633 301/665/629 429/668/632 489/670/634
f 359/671/635 299/655/619 427/658/622 487/672/636
f 302/662/626 362/673/637 490/674/638 430/663/627
f 364/675/639 303/661/625 431/664/628 492/676/639
f 306/677/640 305/678/641 433/679/641 434/680/642
f 308/681/643 306/677/640 434/680/642 436/682/643
f 309/683/644 311/684/645 439/685/646 437/686/644
f 311/684/645 312/687/647 440/688/647 439/685/646
f 315/689/648 313/690/649 441/691/649 443/692/650
f 314/693/651 316/694/652 444/695/653 442/696/651
f 316/694/652 317/697/654 445/698/654 444/695/653
f 319/699/655 318/700/656 446/701/656 447/702/657
f 320/703/658 321/704/659 449/705/659 448/706/660
f 324/707/661 322/708/662 450/709/662 452/710/663
f 323/711/664 325/712/665 453/713/666 451/714/664
f 331/715/667 329/716/668 457/717/669 459/718/670
f 330/719/671 332/720/672 460/721/672 458/722/673
f 335/723/674 333/724/675 461/725/675 463/726/676
f 338/727/677 336/728/678 464/729/678 466/730/679
f 339/731/680 338/727/677 466/730/679 467/732/680
f 340/733/681 341/734/682 469/735/683 468/736/681
f 285/737/684 352/738/685 480/739/686 413/740/684
f 345/741/687 343/742/688 471/743/688 473/744/689
f 349/745/690 264/643/611 392/644/612 477/746/691
f 350/747/692 351/748/693 479/749/694 478/750/695
f 348/751/696 349/745/690 477/746/691 476/752/697
f 354/646/614 355/753/698 483/754/699 482/647/615
f 352/738/685 353/637/607 481/640/609 480/739/686
f 363/755/700 367/756/701 495/757/701 491/758/702
f 326/759/703 350/747/692 478/750/695 454/760/703
f 287/761/704 297/659/623 425/660/624 415/762/704
f 355/753/698 346/763/705 474/764/705 483/754/699
f 358/765/706 359/671/635 487/672/636 486/766/707
f 356/546/534 357/767/708 485/768/709 484/547/535
f 362/673/637 363/755/700 491/758/702 490/674/638
f 360/769/710 361/669/633 489/670/634 488/770/711
f 267/771/712 240/772/713 368/773/713 395/774/714
f 243/554/541 267/771/712 395/774/714 371/555/542
f 246/558/544 275/775/715 403/776/715 374/559/545
f 240/777/716 268/595/571 396/598/574 368/778/716
f 269/779/717 241/780/718 369/781/718 397/782/719
f 250/783/720 273/601/576 401/604/578 378/784/720
f 274/785/721 248/786/722 376/787/722 402/788/723
f 276/610/583 249/789/724 377/790/724 404/611/584
f 260/791/725 280/792/726 408/793/727 388/794/725
f 281/614/586 258/795/728 386/796/728 409/615/587
f 282/797/729 259/585/563 387/588/566 410/798/730
f 257/799/731 283/617/588 411/620/590 385/800/731
f 304/801/732 328/802/733 456/803/734 432/804/732
f 328/802/733 307/805/735 435/806/736 456/803/734
f 336/807/737 310/808/738 438/809/739 464/810/737
f 343/811/740 319/699/655 447/702/657 471/812/740
f 329/716/668 304/813/741 432/814/741 457/717/669
f 305/815/742 330/719/671 458/722/673 433/816/742
f 334/817/743 314/818/744 442/819/744 462/820/745
f 312/821/746 335/723/674 463/726/676 440/822/746
f 313/823/747 337/824/748 465/825/749 441/826/747
f 341/734/682 323/827/750 451/828/750 469/735/683
f 321/829/751 342/830/752 470/831/753 449/832/751
f 322/833/754 344/834/755 472/835/756 450/836/754
f 284/837/757 345/741/687 473/744/689 412/838/757
f 344/834/755 286/839/758 414/840/758 472/835/756
f 325/712/665 263/841/759 391/842/759 453/713/666
f 265/843/760 324/707/661 452/710/663 393/844/760
f 346/845/761 282/797/729 410/798/730 474/846/761
f 261/586/564 326/847/762 454/848/762 389/587/565
f 242/550/538 309/849/763 437/850/763 370/551/539
f 247/562/547 308/851/764 436/852/764 375/563/548
f 317/853/765 252/569/552 380/572/554 445/854/765
f 318/855/766 255/579/559 383/582/561 446/856/766
f 333/857/767 269/779/717 397/782/719 461/858/767
f 332/859/768 274/785/721 402/788/723 460/860/768
f 277/606/580 339/861/769 467/862/769 405/607/581
f 280/792/726 340/863/770 468/864/770 408/793/727
f 307/805/735 244/865/771 372/866/771 435/806/736
f 310/808/738 245/867/772 373/868/772 438/809/739
f 254/869/773 315/689/648 443/692/650 382/870/773
f 253/871/774 320/703/658 448/706/660 381/872/774
f 271/873/775 331/715/667 459/718/670 399/874/775
f 272/875/776 334/817/743 462/820/745 400/876/776
f 337/824/748 279/877/777 407/878/777 465/825/749
f 342/830/752 278/879/778 406/880/778 470/831/753
f 288/626/596 364/881/779 492/882/779 416/627/597
f 347/883/780 360/769/710 488/770/711 475/884/780
f 366/885/781 358/765/706 486/766/707 494/886/781
f 300/666/630 287/887/782 415/888/782 428/667/631
f 367/889/783 348/751/696 476/752/697 495/890/783
f 266/891/784 291/621/591 419/624/594 394/892/784
f 351/748/693 327/893/785 455/894/785 479/749/694
f 298/656/620 365/895/786 493/896/786 426/657/621
f 357/767/708 347/897/787 475/898/787 485/768/709
f 294/630/600 266/899/788 394/900/788 422/631/601
f 359/540/532 356/539/531 296/477/478 299/476/477
o 3_low
v -0.108720 1.762311 -0.000008
v -0.094419 1.762311 0.040472
v -0.055340 1.762312 0.070106
v -0.001955 1.762313 0.080955
v 0.051433 1.762313 0.070113
v 0.090518 1.762313 0.040484
v 0.104828 1.762313 0.000007
v 0.090527 1.762313 -0.040472
v 0.051449 1.762313 -0.070107
v -0.001936 1.762313 -0.080956
v -0.055324 1.762312 -0.070114
v -0.094410 1.762311 -0.040485
v -0.110495 0.369541 -0.045968
v -0.065941 0.369597 -0.079617
v -0.005096 0.369670 -0.091937
v 0.055729 0.369738 -0.079623
v 0.100242 0.369784 -0.045969
v 0.116529 0.369801 0.000008
v 0.100231 0.369784 0.045983
v 0.055711 0.369738 0.079631
v -0.005118 0.369670 0.091937
v -0.065960 0.369597 0.079608
v -0.110505 0.369541 0.045954
v -0.126808 0.369519 -0.000008
v -0.130285 0.185534 -0.046249
v -0.085784 0.180464 -0.080099
v -0.025014 0.173535 -0.092488
v 0.035753 0.166602 -0.080097
v 0.080238 0.161524 -0.046242
v 0.096518 0.159665 0.000008
v 0.080227 0.161525 0.046256
v 0.035734 0.166604 0.080105
v -0.025036 0.173537 0.092488
v -0.085803 0.180466 0.080090
v -0.130296 0.185536 0.046235
v -0.146581 0.187390 -0.000008
v -0.160980 0.026385 -0.046563
v -0.116712 0.018312 -0.080643
v -0.056219 0.007284 -0.093117
v 0.004249 -0.003744 -0.080642
v 0.048482 -0.011817 -0.046557
v 0.064682 -0.014772 0.000008
v 0.048472 -0.011815 0.046571
v 0.004230 -0.003740 0.080650
v -0.056240 0.007288 0.093117
v -0.116730 0.018315 0.080635
v -0.160991 0.026387 0.046549
v -0.177189 0.029340 -0.000008
v -0.262436 -0.312514 -0.047856
v -0.219487 -0.329307 -0.082884
v -0.160874 -0.352248 -0.095707
v -0.102251 -0.375192 -0.082888
v -0.059396 -0.391990 -0.047855
v -0.043791 -0.398138 0.000009
v -0.059406 -0.391986 0.047870
v -0.102269 -0.375185 0.082896
v -0.160895 -0.352240 0.095707
v -0.219505 -0.329300 0.082875
v -0.262447 -0.312510 0.047842
v -0.278124 -0.306366 -0.000008
v -0.349398 -0.485330 -0.050393
v -0.302344 -0.505399 -0.087272
v -0.238077 -0.532812 -0.100767
v -0.173807 -0.560225 -0.087263
v -0.126764 -0.580293 -0.050377
v -0.109562 -0.587638 0.000009
v -0.126775 -0.580289 0.050393
v -0.173827 -0.560217 0.087272
v -0.238100 -0.532803 0.100767
v -0.302364 -0.505391 0.087264
v -0.349409 -0.485325 0.050378
v -0.366609 -0.477982 -0.000009
v -0.420193 -0.627349 -0.057688
v -0.368523 -0.648529 -0.099915
v -0.297929 -0.677463 -0.115376
v -0.227324 -0.706398 -0.099921
v -0.175634 -0.727580 -0.057686
v -0.156716 -0.735331 0.000010
v -0.175646 -0.727575 0.057704
v -0.227346 -0.706390 0.099931
v -0.297954 -0.677453 0.115376
v -0.368545 -0.648521 0.099905
v -0.420206 -0.627344 0.057670
v -0.439110 -0.619595 -0.000010
v -0.478152 -0.755550 -0.060996
v -0.422664 -0.775713 -0.105643
v -0.346860 -0.803258 -0.121989
v -0.271048 -0.830806 -0.105649
v -0.215546 -0.850974 -0.060994
v -0.195234 -0.858355 0.000011
v -0.215559 -0.850969 0.061013
v -0.271071 -0.830798 0.105660
v -0.346887 -0.803248 0.121990
v -0.422687 -0.775705 0.105632
v -0.478165 -0.755545 0.060977
v -0.498465 -0.748169 -0.000011
v -0.530760 -0.887817 -0.064300
v -0.471216 -0.905917 -0.111368
v -0.389867 -0.930644 -0.128604
v -0.308506 -0.955374 -0.111380
v -0.248939 -0.973479 -0.064304
v -0.227138 -0.980105 0.000012
v -0.248953 -0.973475 0.064324
v -0.308531 -0.955367 0.111391
v -0.389896 -0.930635 0.128604
v -0.471241 -0.905909 0.111357
v -0.530775 -0.887813 0.064281
v -0.552558 -0.881191 -0.000011
v -0.575598 -1.024124 -0.067605
v -0.511845 -1.038857 -0.117094
v -0.424746 -1.058982 -0.135218
v -0.337625 -1.079122 -0.117108
v -0.273819 -1.093928 -0.067606
v -0.250465 -1.099361 0.000012
v -0.273835 -1.093924 0.067627
v -0.337652 -1.079116 0.117121
v -0.424776 -1.058975 0.135218
v -0.511872 -1.038851 0.117083
v -0.575613 -1.024121 0.067585
v -0.598936 -1.018731 -0.000012
v -0.610203 -1.164524 -0.070913
v -0.542248 -1.174330 -0.122816
v -0.449341 -1.187837 -0.141787
v -0.356427 -1.201409 -0.122751
v -0.288434 -1.211354 -0.070848
v -0.263550 -1.215013 0.000013
v -0.288450 -1.211351 0.070870
v -0.356455 -1.201405 0.122763
v -0.449373 -1.187832 0.141787
v -0.542277 -1.174326 0.122804
v -0.610220 -1.164522 0.070892
v -0.635072 -1.160944 -0.000012
v -0.631563 -1.309236 -0.074191
v -0.559626 -1.312369 -0.128444
v -0.461422 -1.316663 -0.148232
v -0.363299 -1.320967 -0.128298
v -0.291547 -1.324085 -0.074043
v -0.265285 -1.325256 0.000013
v -0.291564 -1.324084 0.074066
v -0.363329 -1.320966 0.128311
v -0.461456 -1.316661 0.148232
v -0.559657 -1.312368 0.128431
v -0.631580 -1.309235 0.074169
v -0.657948 -1.308059 -0.000013
v -0.636186 -1.457979 -0.077382
v -0.561265 -1.452261 -0.133948
v -0.459070 -1.444432 -0.154574
v -0.357004 -1.436590 -0.133794
v -0.282345 -1.430856 -0.077211
v -0.255034 -1.428761 0.000014
v -0.282363 -1.430858 0.077235
v -0.357035 -1.436593 0.133808
v -0.459107 -1.444435 0.154575
v -0.561296 -1.452263 0.133934
v -0.636204 -1.457980 0.077358
v -0.663698 -1.460043 -0.000013
v -0.620910 -1.609350 -0.080497
v -0.544614 -1.592817 -0.139369
v -0.440479 -1.570241 -0.160861
v -0.336431 -1.547668 -0.139259
v -0.260312 -1.531141 -0.080377
v -0.232466 -1.525092 0.000014
v -0.260331 -1.531145 0.080402
v -0.336463 -1.547675 0.139273
v -0.440515 -1.570249 0.160862
v -0.544646 -1.592824 0.139355
v -0.620928 -1.609354 0.080473
v -0.648856 -1.615405 -0.000014
v -0.583526 -1.740593 -0.080128
v -0.510514 -1.714478 -0.138742
v -0.410837 -1.678823 -0.160155
v -0.311220 -1.643189 -0.138657
v -0.238333 -1.617116 -0.080032
v -0.211666 -1.607577 0.000014
v -0.238350 -1.617122 0.080058
v -0.311251 -1.643200 0.138672
v -0.410872 -1.678836 0.160156
v -0.510544 -1.714489 0.138729
v -0.583543 -1.740599 0.080104
v -0.610265 -1.750157 -0.000014
v -0.516163 -1.907811 -0.083267
v -0.446024 -1.868088 -0.144203
v -0.350228 -1.813837 -0.166493
v -0.254445 -1.759598 -0.144171
v -0.184337 -1.719903 -0.083225
v -0.158683 -1.705378 0.000015
v -0.184354 -1.719912 0.083251
v -0.254474 -1.759615 0.144186
v -0.350262 -1.813856 0.166493
v -0.446053 -1.868105 0.144189
v -0.516180 -1.907820 0.083243
v -0.541842 -1.922355 -0.000014
v -0.405584 -2.033795 -0.073714
v -0.349492 -1.989618 -0.127649
v -0.272897 -1.929296 -0.147368
v -0.196329 -1.868996 -0.127602
v -0.140292 -1.824867 -0.073658
v -0.119788 -1.808721 0.000013
v -0.140306 -1.824878 0.073681
v -0.196352 -1.869014 0.127616
v -0.272924 -1.929317 0.147368
v -0.349515 -1.989637 0.127637
v -0.405597 -2.033806 0.073693
v -0.426124 -2.049972 -0.000013
v -0.203952 -0.145540 -0.047006
v -0.219890 -0.140994 -0.000008
v -0.160361 -0.157959 -0.081409
v -0.100858 -0.174922 -0.094003
v -0.041401 -0.191885 -0.081411
v 0.002072 -0.204305 -0.047002
v 0.017935 -0.208850 0.000008
v 0.002062 -0.204302 0.047017
v -0.041419 -0.191880 0.081419
v -0.100879 -0.174916 0.094003
v -0.160380 -0.157954 0.081401
v -0.203962 -0.145537 0.046991
v -0.272933 -1.929327 0.000000
v -0.001946 1.762312 -0.000000
v -0.107065 1.651266 -0.045573
v 0.057311 1.651328 -0.078924
v -0.002869 1.651307 0.091134
v -0.063014 1.651284 -0.078928
v -0.107076 1.651266 0.045558
v 0.101333 1.651342 0.045577
v 0.101344 1.651342 -0.045564
v -0.063032 1.651284 0.078919
v -0.002847 1.651307 -0.091135
v -0.123194 1.651259 -0.000008
v 0.057293 1.651328 0.078931
v 0.117457 1.651347 0.000008
v -0.064592 1.158440 0.079309
v -0.004022 1.158491 -0.091589
v -0.125142 1.158385 -0.000008
v 0.056495 1.158538 0.079328
v 0.117030 1.158582 0.000008
v -0.108909 1.158400 -0.045797
v 0.056514 1.158538 -0.079320
v -0.004044 1.158491 0.091589
v -0.064573 1.158440 -0.079318
v -0.108919 1.158400 0.045782
v 0.100808 1.158571 0.045807
v 0.100818 1.158571 -0.045793
v -0.105881 1.743113 -0.045429
v 0.057823 1.743125 -0.078669
v -0.002114 1.743121 0.090843
v -0.062012 1.743116 -0.078677
v -0.105892 1.743113 0.045414
v 0.101671 1.743128 0.045429
v 0.101682 1.743128 -0.045416
v -0.062031 1.743116 0.078668
v -0.002093 1.743121 -0.090844
v -0.121942 1.743111 -0.000008
v 0.057805 1.743125 0.078677
v 0.117731 1.743129 0.000008
v -0.456631 -1.996095 -0.083107
v -0.480679 -2.012992 -0.000014
v -0.390955 -1.949948 -0.143918
v -0.301266 -1.886933 -0.166155
v -0.211600 -1.823938 -0.143873
v -0.145975 -1.777837 -0.083051
v -0.121962 -1.760968 0.000015
v -0.145991 -1.777848 0.083077
v -0.211628 -1.823958 0.143888
v -0.301297 -1.886955 0.166156
v -0.390983 -1.949968 0.143904
v -0.456647 -1.996106 0.083083
vn -0.7813 0.2724 0.5615
vn -0.4047 0.2448 0.8811
vn -0.3466 0.4803 0.8057
vn -0.6700 0.5333 0.5165
vn 0.4057 0.2391 -0.8822
vn 0.0002 0.2307 -0.9730
vn 0.0009 0.4580 -0.8889
vn 0.3491 0.4762 -0.8071
vn 0.0001 0.2307 0.9730
vn 0.4056 0.2391 0.8822
vn 0.3490 0.4761 0.8071
vn 0.0008 0.4580 0.8889
vn -0.7812 0.2724 -0.5617
vn -0.9579 0.2870 -0.0001
vn -0.8236 0.5671 -0.0001
vn -0.6699 0.5333 -0.5166
vn -0.4046 0.2448 -0.8811
vn -0.3465 0.4802 -0.8058
vn 0.7839 0.2618 0.5630
vn 0.9616 0.2743 0.0001
vn 0.8298 0.5581 0.0001
vn 0.6745 0.5257 0.5184
vn 0.7840 0.2618 -0.5628
vn 0.6746 0.5257 -0.5183
vn -0.8021 0.0445 -0.5955
vn -0.7954 0.1203 -0.5940
vn -0.9888 0.1493 -0.0001
vn -0.9985 0.0556 -0.0001
vn -0.4043 0.0226 -0.9143
vn -0.4019 0.0619 -0.9136
vn 0.0064 0.0010 -1.0000
vn 0.0056 0.0024 -1.0000
vn 0.4164 -0.0196 -0.9090
vn 0.4127 -0.0559 -0.9092
vn 0.8091 -0.0385 -0.5865
vn 0.8023 -0.1109 -0.5865
vn 0.9989 -0.0474 0.0001
vn 0.9905 -0.1372 0.0001
vn 0.8090 -0.0385 0.5866
vn 0.8022 -0.1108 0.5867
vn 0.4162 -0.0196 0.9090
vn 0.4126 -0.0559 0.9092
vn 0.0062 0.0010 1.0000
vn 0.0055 0.0024 1.0000
vn -0.4044 0.0227 0.9143
vn -0.4020 0.0619 0.9135
vn -0.8022 0.0445 0.5954
vn -0.7955 0.1204 0.5938
vn -0.7865 0.1754 -0.5922
vn -0.9762 0.2170 -0.0001
vn -0.3986 0.0907 -0.9126
vn 0.0042 0.0033 -1.0000
vn 0.4069 -0.0837 -0.9096
vn 0.7922 -0.1667 -0.5871
vn 0.9784 -0.2067 0.0001
vn 0.7921 -0.1667 0.5872
vn 0.4067 -0.0837 0.9097
vn 0.0041 0.0033 1.0000
vn -0.3988 0.0908 0.9126
vn -0.7866 0.1754 0.5920
vn -0.3888 0.1208 -0.9134
vn -0.7705 0.2330 -0.5933
vn 0.0072 0.0050 -1.0000
vn 0.4030 -0.1102 -0.9085
vn 0.7808 -0.2197 -0.5849
vn 0.9623 -0.2722 0.0001
vn 0.7807 -0.2196 0.5851
vn 0.4029 -0.1101 0.9086
vn 0.0071 0.0050 1.0000
vn -0.3889 0.1209 0.9133
vn -0.7706 0.2330 0.5932
vn -0.9576 0.2882 -0.0001
vn -0.3674 0.1649 -0.9153
vn -0.7354 0.3176 -0.5987
vn 0.0113 0.0154 -0.9998
vn 0.3929 -0.1259 -0.9109
vn 0.7649 -0.2571 -0.5906
vn 0.9474 -0.3202 0.0001
vn 0.7648 -0.2571 0.5908
vn 0.3928 -0.1259 0.9110
vn 0.0111 0.0154 0.9998
vn -0.3676 0.1649 0.9153
vn -0.7355 0.3176 0.5985
vn -0.9185 0.3953 -0.0001
vn -0.3495 0.2148 -0.9120
vn -0.7110 0.3761 -0.5941
vn 0.0222 0.0551 -0.9982
vn 0.3965 -0.0987 -0.9127
vn 0.7655 -0.2446 -0.5952
vn 0.9489 -0.3156 0.0001
vn 0.7653 -0.2445 0.5954
vn 0.3964 -0.0987 0.9128
vn 0.0220 0.0552 0.9982
vn -0.3497 0.2149 0.9119
vn -0.7111 0.3761 0.5940
vn -0.8894 0.4572 -0.0001
vn -0.7184 0.3645 -0.5926
vn -0.8987 0.4386 -0.0001
vn -0.3522 0.2160 -0.9107
vn 0.0250 0.0651 -0.9976
vn 0.4025 -0.0849 -0.9115
vn 0.7710 -0.2295 -0.5941
vn 0.9539 -0.3002 0.0001
vn 0.7709 -0.2294 0.5943
vn 0.4023 -0.0849 0.9116
vn 0.0248 0.0651 0.9976
vn -0.3523 0.2160 0.9106
vn -0.7185 0.3645 0.5924
vn -0.7392 0.3288 -0.5877
vn -0.9174 0.3980 -0.0001
vn -0.3713 0.1886 -0.9091
vn 0.0138 0.0471 -0.9988
vn 0.4014 -0.0889 -0.9116
vn 0.7768 -0.2155 -0.5917
vn 0.9611 -0.2761 0.0001
vn 0.7767 -0.2154 0.5919
vn 0.4012 -0.0889 0.9116
vn 0.0137 0.0472 0.9988
vn -0.3715 0.1887 0.9091
vn -0.7393 0.3289 0.5876
vn -0.7562 0.2889 -0.5871
vn -0.9374 0.3482 -0.0001
vn -0.3817 0.1689 -0.9087
vn 0.0104 0.0484 -0.9988
vn 0.4048 -0.0664 -0.9120
vn 0.7870 -0.1723 -0.5924
vn 0.9749 -0.2228 0.0001
vn 0.7869 -0.1722 0.5926
vn 0.4047 -0.0663 0.9120
vn 0.0103 0.0485 0.9988
vn -0.3819 0.1690 0.9086
vn -0.7563 0.2890 0.5869
vn -0.7747 0.2365 -0.5864
vn -0.9591 0.2830 -0.0001
vn -0.3931 0.1427 -0.9083
vn 0.0063 0.0497 -0.9987
vn 0.4076 -0.0371 -0.9124
vn 0.7967 -0.1154 -0.5933
vn 0.9883 -0.1523 0.0001
vn 0.7966 -0.1154 0.5934
vn 0.4075 -0.0370 0.9125
vn 0.0061 0.0497 0.9987
vn -0.3933 0.1428 0.9083
vn -0.7748 0.2366 0.5863
vn -0.7924 0.1693 -0.5861
vn -0.9798 0.1999 -0.0001
vn -0.4045 0.1084 -0.9081
vn 0.0013 0.0502 -0.9987
vn 0.4085 -0.0009 -0.9128
vn 0.8032 -0.0444 -0.5940
vn 0.9979 -0.0642 0.0001
vn 0.8031 -0.0444 0.5942
vn 0.4083 -0.0009 0.9128
vn 0.0012 0.0502 0.9987
vn -0.4046 0.1084 0.9080
vn -0.7925 0.1693 0.5859
vn -0.8058 0.0846 -0.5861
vn -0.9954 0.0955 -0.0001
vn -0.4138 0.0648 -0.9080
vn -0.0045 0.0498 -0.9987
vn 0.4056 0.0420 -0.9131
vn 0.8030 0.0405 -0.5947
vn 0.9991 0.0415 0.0001
vn 0.8028 0.0405 0.5948
vn 0.4055 0.0420 0.9131
vn -0.0046 0.0498 0.9987
vn -0.4140 0.0648 0.9080
vn -0.8059 0.0846 0.5860
vn -0.8103 -0.0159 -0.5858
vn -0.9996 -0.0287 -0.0001
vn -0.4192 0.0130 -0.9078
vn -0.0114 0.0486 -0.9988
vn 0.3966 0.0911 -0.9134
vn 0.7916 0.1384 -0.5952
vn 0.9865 0.1635 0.0001
vn 0.7915 0.1384 0.5954
vn 0.3965 0.0911 0.9135
vn -0.0115 0.0485 0.9988
vn -0.4194 0.0130 0.9077
vn -0.8104 -0.0159 0.5856
vn -0.7969 -0.1472 -0.5859
vn -0.9826 -0.1859 -0.0001
vn -0.4119 -0.0663 -0.9088
vn -0.0095 0.0198 -0.9998
vn 0.3934 0.1076 -0.9130
vn 0.7818 0.1936 -0.5927
vn 0.9717 0.2361 0.0001
vn 0.7817 0.1936 0.5929
vn 0.3933 0.1076 0.9131
vn -0.0097 0.0197 0.9998
vn -0.4121 -0.0663 0.9087
vn -0.7970 -0.1473 0.5857
vn -0.7691 -0.2589 -0.5843
vn -0.9466 -0.3224 -0.0001
vn -0.4013 -0.1266 -0.9072
vn -0.0169 0.0131 -0.9998
vn 0.3684 0.1546 -0.9167
vn 0.7440 0.2937 -0.6002
vn 0.9315 0.3637 0.0001
vn 0.7439 0.2937 0.6004
vn 0.3683 0.1545 0.9168
vn -0.0170 0.0131 0.9998
vn -0.4014 -0.1266 0.9071
vn -0.7692 -0.2590 0.5841
vn -0.7192 -0.3768 -0.5837
vn -0.8841 -0.4674 -0.0001
vn -0.3761 -0.1875 -0.9074
vn -0.0170 0.0128 -0.9998
vn 0.3417 0.2162 -0.9146
vn 0.6878 0.4152 -0.5955
vn 0.8579 0.5138 0.0001
vn 0.6877 0.4151 0.5956
vn 0.3416 0.2161 0.9147
vn -0.0172 0.0127 0.9998
vn -0.3762 -0.1876 0.9073
vn -0.7193 -0.3769 0.5835
vn -0.5609 -0.5920 -0.5788
vn -0.4178 -0.7122 -0.5641
vn -0.5574 -0.8302 -0.0001
vn -0.7110 -0.7032 -0.0001
vn -0.2423 -0.3650 -0.8989
vn -0.1235 -0.4868 -0.8647
vn 0.1031 -0.1407 -0.9847
vn 0.1981 -0.2835 -0.9383
vn 0.4566 0.0641 -0.8873
vn 0.5298 -0.1202 -0.8396
vn 0.7895 0.2439 -0.5632
vn 0.8465 0.0026 -0.5324
vn 0.9448 0.3276 0.0001
vn 0.9986 0.0535 0.0001
vn 0.7894 0.2438 0.5634
vn 0.8464 0.0025 0.5326
vn 0.4565 0.0640 0.8874
vn 0.5297 -0.1202 0.8396
vn 0.1030 -0.1407 0.9847
vn 0.1980 -0.2836 0.9383
vn -0.2424 -0.3651 0.8989
vn -0.1236 -0.4869 0.8647
vn -0.5610 -0.5920 0.5786
vn -0.4178 -0.7123 0.5640
vn 0.6187 -0.7856 -0.0000
vn -0.0000 1.0000 -0.0000
vn -0.4108 0.0011 0.9117
vn -0.8066 0.0017 0.5911
vn 0.0003 0.0004 -1.0000
vn 0.4114 -0.0001 -0.9115
vn 0.4112 -0.0001 0.9115
vn 0.0001 0.0004 1.0000
vn -1.0000 0.0021 -0.0001
vn -0.8065 0.0017 -0.5912
vn -0.4107 0.0011 -0.9118
vn 1.0000 -0.0006 0.0001
vn 0.8070 -0.0005 0.5906
vn 0.8071 -0.0005 -0.5904
vn 1.0000 -0.0031 0.0001
vn 0.8070 -0.0020 -0.5905
vn 0.4108 0.0003 0.9117
vn 0.8069 -0.0020 0.5907
vn -0.9999 0.0135 -0.0001
vn -0.8081 0.0113 0.5890
vn -0.0010 0.0032 -1.0000
vn -0.4128 0.0070 -0.9108
vn -0.4130 0.0070 0.9107
vn -0.0012 0.0032 1.0000
vn 0.4110 0.0003 -0.9116
vn -0.8079 0.0113 -0.5892
vt 0.690444 0.310860
vt 0.708686 0.310860
vt 0.708687 0.317201
vt 0.690444 0.317201
vt 0.599743 0.310860
vt 0.620008 0.310860
vt 0.620008 0.317201
vt 0.599743 0.317201
vt 0.728953 0.310860
vt 0.749218 0.310860
vt 0.749218 0.317201
vt 0.728952 0.317201
vt 0.658517 0.310860
vt 0.674481 0.310860
vt 0.674481 0.317201
vt 0.658517 0.317201
vt 0.640274 0.310860
vt 0.640274 0.317201
vt 0.767460 0.310860
vt 0.783424 0.310860
vt 0.783424 0.317201
vt 0.767459 0.317201
vt 0.581501 0.310860
vt 0.581501 0.317201
vt 0.565538 0.310860
vt 0.565538 0.317201
vt 0.706391 0.160076
vt 0.635707 0.160076
vt 0.635707 0.140857
vt 0.706391 0.140857
vt 0.706391 0.182081
vt 0.635707 0.182081
vt 0.706391 0.206553
vt 0.635707 0.206553
vt 0.706391 0.231020
vt 0.635707 0.231020
vt 0.706391 0.253013
vt 0.635707 0.253013
vt 0.706390 0.272223
vt 0.635707 0.272223
vt 0.706391 0.028701
vt 0.635707 0.028701
vt 0.635707 0.009490
vt 0.706390 0.009490
vt 0.706391 0.050695
vt 0.635707 0.050695
vt 0.706391 0.075163
vt 0.635707 0.075163
vt 0.706391 0.099634
vt 0.635707 0.099634
vt 0.706391 0.121638
vt 0.635707 0.121638
vt 0.575059 0.160076
vt 0.575059 0.140857
vt 0.575059 0.182081
vt 0.575059 0.206553
vt 0.575059 0.231020
vt 0.575059 0.253013
vt 0.575059 0.272223
vt 0.575059 0.028701
vt 0.575059 0.009490
vt 0.575059 0.050695
vt 0.575059 0.075163
vt 0.575059 0.099634
vt 0.575059 0.121638
vt 0.507796 0.182081
vt 0.507796 0.160076
vt 0.507796 0.206553
vt 0.507796 0.231020
vt 0.507796 0.253013
vt 0.507796 0.272223
vt 0.507796 0.028701
vt 0.507796 0.009490
vt 0.507796 0.050695
vt 0.507796 0.075163
vt 0.507796 0.099634
vt 0.507796 0.121638
vt 0.507796 0.140857
vt 0.440757 0.182081
vt 0.440757 0.160076
vt 0.440757 0.206553
vt 0.440757 0.231020
vt 0.440757 0.253013
vt 0.440757 0.272223
vt 0.440757 0.028701
vt 0.440757 0.009491
vt 0.440757 0.050695
vt 0.440757 0.075163
vt 0.440757 0.099634
vt 0.440757 0.121638
vt 0.440757 0.140857
vt 0.374566 0.182081
vt 0.374566 0.160076
vt 0.374566 0.206553
vt 0.374566 0.231020
vt 0.374566 0.253013
vt 0.374566 0.272223
vt 0.374566 0.028701
vt 0.374566 0.009491
vt 0.374565 0.050695
vt 0.374566 0.075163
vt 0.374566 0.099634
vt 0.374566 0.121638
vt 0.374566 0.140857
vt 0.335675 0.160076
vt 0.335675 0.140857
vt 0.335675 0.182081
vt 0.335675 0.206553
vt 0.335675 0.231020
vt 0.335675 0.253013
vt 0.335675 0.272223
vt 0.335675 0.028701
vt 0.335675 0.009490
vt 0.335675 0.050695
vt 0.335675 0.075163
vt 0.335675 0.099635
vt 0.335675 0.121638
vt 0.302224 0.160076
vt 0.302224 0.140857
vt 0.302224 0.182081
vt 0.302224 0.206553
vt 0.302224 0.231020
vt 0.302224 0.253013
vt 0.302224 0.272223
vt 0.302224 0.028701
vt 0.302224 0.009490
vt 0.302224 0.050695
vt 0.302224 0.075163
vt 0.302224 0.099634
vt 0.302224 0.121638
vt 0.268904 0.160076
vt 0.268904 0.140857
vt 0.268904 0.182081
vt 0.268904 0.206553
vt 0.268904 0.231020
vt 0.268904 0.253013
vt 0.268904 0.272223
vt 0.268904 0.028701
vt 0.268904 0.009491
vt 0.268904 0.050696
vt 0.268904 0.075163
vt 0.268904 0.099634
vt 0.268904 0.121638
vt 0.235938 0.160076
vt 0.235938 0.140857
vt 0.235938 0.182081
vt 0.235938 0.206553
vt 0.235938 0.231020
vt 0.235938 0.253013
vt 0.235938 0.272223
vt 0.235938 0.028701
vt 0.235938 0.009491
vt 0.235938 0.050696
vt 0.235938 0.075163
vt 0.235938 0.099634
vt 0.235938 0.121638
vt 0.203413 0.160076
vt 0.203413 0.140857
vt 0.203413 0.182081
vt 0.203413 0.206553
vt 0.203413 0.231020
vt 0.203413 0.253013
vt 0.203413 0.272223
vt 0.203413 0.028701
vt 0.203413 0.009491
vt 0.203413 0.050696
vt 0.203413 0.075163
vt 0.203413 0.099634
vt 0.203413 0.121638
vt 0.171357 0.160076
vt 0.171357 0.140857
vt 0.171357 0.182081
vt 0.171357 0.206553
vt 0.171357 0.231020
vt 0.171357 0.253013
vt 0.171357 0.272223
vt 0.171357 0.028701
vt 0.171357 0.009491
vt 0.171357 0.050696
vt 0.171357 0.075163
vt 0.171357 0.099634
vt 0.171357 0.121638
vt 0.139687 0.160076
vt 0.139687 0.140857
vt 0.139687 0.182081
vt 0.139687 0.206553
vt 0.139687 0.231020
vt 0.139687 0.253013
vt 0.139687 0.272223
vt 0.139687 0.028701
vt 0.139687 0.009491
vt 0.139687 0.050696
vt 0.139687 0.075163
vt 0.139687 0.099634
vt 0.139687 0.121638
vt 0.108163 0.160076
vt 0.108163 0.140857
vt 0.108163 0.182081
vt 0.108163 0.206553
vt 0.108163 0.231020
vt 0.108163 0.253013
vt 0.108163 0.272223
vt 0.108163 0.028701
vt 0.108163 0.009491
vt 0.108163 0.050696
vt 0.108163 0.075163
vt 0.108163 0.099634
vt 0.108163 0.121638
vt 0.080306 0.160076
vt 0.080306 0.140857
vt 0.080306 0.182081
vt 0.080307 0.206553
vt 0.080306 0.231020
vt 0.080306 0.253013
vt 0.080306 0.272223
vt 0.080306 0.028701
vt 0.080306 0.009490
vt 0.080306 0.050696
vt 0.080306 0.075163
vt 0.080306 0.099634
vt 0.080306 0.121638
vt 0.043580 0.160076
vt 0.043580 0.140857
vt 0.043580 0.182081
vt 0.043580 0.206553
vt 0.043580 0.231020
vt 0.043580 0.253013
vt 0.043580 0.272223
vt 0.043580 0.028701
vt 0.043580 0.009490
vt 0.043579 0.050696
vt 0.043579 0.075163
vt 0.043579 0.099634
vt 0.043579 0.121638
vt 0.021771 0.160076
vt 0.009133 0.160076
vt 0.009133 0.140857
vt 0.021771 0.140857
vt 0.021771 0.182081
vt 0.009133 0.182081
vt 0.021771 0.206553
vt 0.009133 0.206553
vt 0.021771 0.231020
vt 0.009133 0.231020
vt 0.021771 0.253013
vt 0.009133 0.253013
vt 0.021771 0.272223
vt 0.009133 0.272223
vt 0.021771 0.028701
vt 0.009133 0.028701
vt 0.009133 0.009491
vt 0.021771 0.009490
vt 0.021771 0.050695
vt 0.009133 0.050695
vt 0.021771 0.075163
vt 0.009133 0.075163
vt 0.021771 0.099635
vt 0.009133 0.099635
vt 0.021771 0.121638
vt 0.009133 0.121638
vt 0.705978 0.337531
vt 0.723545 0.362391
vt 0.650469 0.382981
vt 0.627413 0.441126
vt 0.594953 0.428446
vt 0.634917 0.327732
vt 0.673541 0.324845
vt 0.700494 0.420521
vt 0.666044 0.438223
vt 0.577371 0.403577
vt 0.579385 0.373187
vt 0.600452 0.345425
vt 0.721538 0.392765
vt 0.973745 0.328492
vt 0.979529 0.353331
vt 0.929094 0.338791
vt 0.952626 0.385711
vt 0.927149 0.384575
vt 0.886391 0.303308
vt 0.905563 0.291872
vt 0.884445 0.349091
vt 0.878661 0.324252
vt 0.971799 0.374275
vt 0.931041 0.293008
vt 0.955997 0.306413
vt 0.902193 0.371171
vt 0.989213 0.099634
vt 0.989213 0.121638
vt 0.989213 0.206553
vt 0.989213 0.231020
vt 0.989213 0.050695
vt 0.989213 0.075163
vt 0.989212 0.140857
vt 0.989213 0.160076
vt 0.989213 0.182081
vt 0.989213 0.009490
vt 0.989213 0.028701
vt 0.989213 0.253013
vt 0.989212 0.272223
vt 0.565538 0.280523
vt 0.581501 0.280523
vt 0.749218 0.280523
vt 0.767459 0.280523
vt 0.674481 0.280523
vt 0.690444 0.280523
vt 0.620008 0.280523
vt 0.640274 0.280523
vt 0.708687 0.280523
vt 0.728953 0.280523
vt 0.599743 0.280523
vt 0.783424 0.280523
vt 0.658517 0.280523
s 1
usemtl Kapak_Low_Poly
f 742/901/789 745/902/790 498/903/791 497/904/792
f 739/905/793 746/906/794 505/907/795 504/908/796
f 740/909/797 748/910/798 500/911/799 499/912/800
f 738/913/801 747/914/802 496/915/803 507/916/804
f 741/917/805 738/913/801 507/916/804 506/918/806
f 743/919/807 749/920/808 502/921/809 501/922/810
f 744/923/811 739/905/793 504/908/796 503/924/812
f 745/902/790 740/909/797 499/912/800 498/903/791
f 746/906/794 741/917/805 506/918/806 505/907/795
f 747/914/802 742/901/789 497/904/792 496/915/803
f 748/910/798 743/919/807 501/922/810 500/911/799
f 749/925/808 744/923/811 503/924/812 502/926/809
f 508/927/813 520/928/814 531/929/815 519/930/816
f 509/931/817 521/932/818 520/928/814 508/927/813
f 510/933/819 522/934/820 521/932/818 509/931/817
f 511/935/821 523/936/822 522/934/820 510/933/819
f 512/937/823 524/938/824 523/936/822 511/935/821
f 513/939/825 525/940/826 524/938/824 512/937/823
f 514/941/827 526/942/828 525/943/826 513/944/825
f 515/945/829 527/946/830 526/942/828 514/941/827
f 516/947/831 528/948/832 527/946/830 515/945/829
f 517/949/833 529/950/834 528/948/832 516/947/831
f 518/951/835 530/952/836 529/950/834 517/949/833
f 519/930/816 531/929/815 530/952/836 518/951/835
f 520/928/814 532/953/837 543/954/838 531/929/815
f 521/932/818 533/955/839 532/953/837 520/928/814
f 522/934/820 534/956/840 533/955/839 521/932/818
f 523/936/822 535/957/841 534/956/840 522/934/820
f 524/938/824 536/958/842 535/957/841 523/936/822
f 525/940/826 537/959/843 536/958/842 524/938/824
f 526/942/828 538/960/844 537/961/843 525/943/826
f 527/946/830 539/962/845 538/960/844 526/942/828
f 528/948/832 540/963/846 539/962/845 527/946/830
f 529/950/834 541/964/847 540/963/846 528/948/832
f 530/952/836 542/965/848 541/964/847 529/950/834
f 531/929/815 543/954/838 542/965/848 530/952/836
f 533/955/839 702/966/849 700/967/850 532/953/837
f 534/956/840 703/968/851 702/966/849 533/955/839
f 535/957/841 704/969/852 703/968/851 534/956/840
f 536/958/842 705/970/853 704/969/852 535/957/841
f 537/959/843 706/971/854 705/970/853 536/958/842
f 538/960/844 707/972/855 706/973/854 537/961/843
f 539/962/845 708/974/856 707/972/855 538/960/844
f 540/963/846 709/975/857 708/974/856 539/962/845
f 541/964/847 710/976/858 709/975/857 540/963/846
f 542/965/848 711/977/859 710/976/858 541/964/847
f 543/954/838 701/978/860 711/977/859 542/965/848
f 702/966/849 545/979/861 544/980/862 700/967/850
f 703/968/851 546/981/863 545/979/861 702/966/849
f 704/969/852 547/982/864 546/981/863 703/968/851
f 705/970/853 548/983/865 547/982/864 704/969/852
f 706/971/854 549/984/866 548/983/865 705/970/853
f 707/972/855 550/985/867 549/986/866 706/973/854
f 708/974/856 551/987/868 550/985/867 707/972/855
f 709/975/857 552/988/869 551/987/868 708/974/856
f 710/976/858 553/989/870 552/988/869 709/975/857
f 711/977/859 554/990/871 553/989/870 710/976/858
f 701/978/860 555/991/872 554/990/871 711/977/859
f 532/953/837 700/967/850 701/978/860 543/954/838
f 545/979/861 557/992/873 556/993/874 544/980/862
f 546/981/863 558/994/875 557/992/873 545/979/861
f 547/982/864 559/995/876 558/994/875 546/981/863
f 548/983/865 560/996/877 559/995/876 547/982/864
f 549/984/866 561/997/878 560/996/877 548/983/865
f 550/985/867 562/998/879 561/999/878 549/986/866
f 551/987/868 563/1000/880 562/998/879 550/985/867
f 552/988/869 564/1001/881 563/1000/880 551/987/868
f 553/989/870 565/1002/882 564/1001/881 552/988/869
f 554/990/871 566/1003/883 565/1002/882 553/989/870
f 555/991/872 567/1004/884 566/1003/883 554/990/871
f 556/993/874 568/1005/885 579/1006/886 567/1004/884
f 557/992/873 569/1007/887 568/1005/885 556/993/874
f 558/994/875 570/1008/888 569/1007/887 557/992/873
f 559/995/876 571/1009/889 570/1008/888 558/994/875
f 560/996/877 572/1010/890 571/1009/889 559/995/876
f 561/997/878 573/1011/891 572/1010/890 560/996/877
f 562/998/879 574/1012/892 573/1013/891 561/999/878
f 563/1000/880 575/1014/893 574/1012/892 562/998/879
f 564/1001/881 576/1015/894 575/1014/893 563/1000/880
f 565/1002/882 577/1016/895 576/1015/894 564/1001/881
f 566/1003/883 578/1017/896 577/1016/895 565/1002/882
f 567/1004/884 579/1006/886 578/1017/896 566/1003/883
f 568/1005/885 580/1018/897 591/1019/898 579/1006/886
f 569/1007/887 581/1020/899 580/1018/897 568/1005/885
f 570/1008/888 582/1021/900 581/1020/899 569/1007/887
f 571/1009/889 583/1022/901 582/1021/900 570/1008/888
f 572/1010/890 584/1023/902 583/1022/901 571/1009/889
f 573/1011/891 585/1024/903 584/1023/902 572/1010/890
f 574/1012/892 586/1025/904 585/1026/903 573/1013/891
f 575/1014/893 587/1027/905 586/1025/904 574/1012/892
f 576/1015/894 588/1028/906 587/1027/905 575/1014/893
f 577/1016/895 589/1029/907 588/1028/906 576/1015/894
f 578/1017/896 590/1030/908 589/1029/907 577/1016/895
f 579/1006/886 591/1019/898 590/1030/908 578/1017/896
f 580/1018/897 592/1031/909 603/1032/910 591/1019/898
f 581/1020/899 593/1033/911 592/1031/909 580/1018/897
f 582/1021/900 594/1034/912 593/1033/911 581/1020/899
f 583/1022/901 595/1035/913 594/1034/912 582/1021/900
f 584/1023/902 596/1036/914 595/1035/913 583/1022/901
f 585/1024/903 597/1037/915 596/1036/914 584/1023/902
f 586/1025/904 598/1038/916 597/1039/915 585/1026/903
f 587/1027/905 599/1040/917 598/1038/916 586/1025/904
f 588/1028/906 600/1041/918 599/1040/917 587/1027/905
f 589/1029/907 601/1042/919 600/1041/918 588/1028/906
f 590/1030/908 602/1043/920 601/1042/919 589/1029/907
f 591/1019/898 603/1032/910 602/1043/920 590/1030/908
f 592/1031/909 604/1044/921 615/1045/922 603/1032/910
f 593/1033/911 605/1046/923 604/1044/921 592/1031/909
f 594/1034/912 606/1047/924 605/1046/923 593/1033/911
f 595/1035/913 607/1048/925 606/1047/924 594/1034/912
f 596/1036/914 608/1049/926 607/1048/925 595/1035/913
f 597/1037/915 609/1050/927 608/1049/926 596/1036/914
f 598/1038/916 610/1051/928 609/1052/927 597/1039/915
f 599/1040/917 611/1053/929 610/1051/928 598/1038/916
f 600/1041/918 612/1054/930 611/1053/929 599/1040/917
f 601/1042/919 613/1055/931 612/1054/930 600/1041/918
f 602/1043/920 614/1056/932 613/1055/931 601/1042/919
f 603/1032/910 615/1045/922 614/1056/932 602/1043/920
f 604/1044/921 616/1057/933 627/1058/934 615/1045/922
f 605/1046/923 617/1059/935 616/1057/933 604/1044/921
f 606/1047/924 618/1060/936 617/1059/935 605/1046/923
f 607/1048/925 619/1061/937 618/1060/936 606/1047/924
f 608/1049/926 620/1062/938 619/1061/937 607/1048/925
f 609/1050/927 621/1063/939 620/1062/938 608/1049/926
f 610/1051/928 622/1064/940 621/1065/939 609/1052/927
f 611/1053/929 623/1066/941 622/1064/940 610/1051/928
f 612/1054/930 624/1067/942 623/1066/941 611/1053/929
f 613/1055/931 625/1068/943 624/1067/942 612/1054/930
f 614/1056/932 626/1069/944 625/1068/943 613/1055/931
f 615/1045/922 627/1058/934 626/1069/944 614/1056/932
f 616/1057/933 628/1070/945 639/1071/946 627/1058/934
f 617/1059/935 629/1072/947 628/1070/945 616/1057/933
f 618/1060/936 630/1073/948 629/1072/947 617/1059/935
f 619/1061/937 631/1074/949 630/1073/948 618/1060/936
f 620/1062/938 632/1075/950 631/1074/949 619/1061/937
f 621/1063/939 633/1076/951 632/1075/950 620/1062/938
f 622/1064/940 634/1077/952 633/1078/951 621/1065/939
f 623/1066/941 635/1079/953 634/1077/952 622/1064/940
f 624/1067/942 636/1080/954 635/1079/953 623/1066/941
f 625/1068/943 637/1081/955 636/1080/954 624/1067/942
f 626/1069/944 638/1082/956 637/1081/955 625/1068/943
f 627/1058/934 639/1071/946 638/1082/956 626/1069/944
f 628/1070/945 640/1083/957 651/1084/958 639/1071/946
f 629/1072/947 641/1085/959 640/1083/957 628/1070/945
f 630/1073/948 642/1086/960 641/1085/959 629/1072/947
f 631/1074/949 643/1087/961 642/1086/960 630/1073/948
f 632/1075/950 644/1088/962 643/1087/961 631/1074/949
f 633/1076/951 645/1089/963 644/1088/962 632/1075/950
f 634/1077/952 646/1090/964 645/1091/963 633/1078/951
f 635/1079/953 647/1092/965 646/1090/964 634/1077/952
f 636/1080/954 648/1093/966 647/1092/965 635/1079/953
f 637/1081/955 649/1094/967 648/1093/966 636/1080/954
f 638/1082/956 650/1095/968 649/1094/967 637/1081/955
f 639/1071/946 651/1084/958 650/1095/968 638/1082/956
f 640/1083/957 652/1096/969 663/1097/970 651/1084/958
f 641/1085/959 653/1098/971 652/1096/969 640/1083/957
f 642/1086/960 654/1099/972 653/1098/971 641/1085/959
f 643/1087/961 655/1100/973 654/1099/972 642/1086/960
f 644/1088/962 656/1101/974 655/1100/973 643/1087/961
f 645/1089/963 657/1102/975 656/1101/974 644/1088/962
f 646/1090/964 658/1103/976 657/1104/975 645/1091/963
f 647/1092/965 659/1105/977 658/1103/976 646/1090/964
f 648/1093/966 660/1106/978 659/1105/977 647/1092/965
f 649/1094/967 661/1107/979 660/1106/978 648/1093/966
f 650/1095/968 662/1108/980 661/1107/979 649/1094/967
f 651/1084/958 663/1097/970 662/1108/980 650/1095/968
f 652/1096/969 664/1109/981 675/1110/982 663/1097/970
f 653/1098/971 665/1111/983 664/1109/981 652/1096/969
f 654/1099/972 666/1112/984 665/1111/983 653/1098/971
f 655/1100/973 667/1113/985 666/1112/984 654/1099/972
f 656/1101/974 668/1114/986 667/1113/985 655/1100/973
f 657/1102/975 669/1115/987 668/1114/986 656/1101/974
f 658/1103/976 670/1116/988 669/1117/987 657/1104/975
f 659/1105/977 671/1118/989 670/1116/988 658/1103/976
f 660/1106/978 672/1119/990 671/1118/989 659/1105/977
f 661/1107/979 673/1120/991 672/1119/990 660/1106/978
f 662/1108/980 674/1121/992 673/1120/991 661/1107/979
f 663/1097/970 675/1110/982 674/1121/992 662/1108/980
f 664/1109/981 676/1122/993 687/1123/994 675/1110/982
f 665/1111/983 677/1124/995 676/1122/993 664/1109/981
f 666/1112/984 678/1125/996 677/1124/995 665/1111/983
f 667/1113/985 679/1126/997 678/1125/996 666/1112/984
f 668/1114/986 680/1127/998 679/1126/997 667/1113/985
f 669/1115/987 681/1128/999 680/1127/998 668/1114/986
f 670/1116/988 682/1129/1000 681/1130/999 669/1117/987
f 671/1118/989 683/1131/1001 682/1129/1000 670/1116/988
f 672/1119/990 684/1132/1002 683/1131/1001 671/1118/989
f 673/1120/991 685/1133/1003 684/1132/1002 672/1119/990
f 674/1121/992 686/1134/1004 685/1133/1003 673/1120/991
f 675/1110/982 687/1123/994 686/1134/1004 674/1121/992
f 750/1135/1005 688/1136/1006 699/1137/1007 751/1138/1008
f 752/1139/1009 689/1140/1010 688/1136/1006 750/1135/1005
f 753/1141/1011 690/1142/1012 689/1140/1010 752/1139/1009
f 754/1143/1013 691/1144/1014 690/1142/1012 753/1141/1011
f 755/1145/1015 692/1146/1016 691/1144/1014 754/1143/1013
f 756/1147/1017 693/1148/1018 692/1146/1016 755/1145/1015
f 757/1149/1019 694/1150/1020 693/1151/1018 756/1152/1017
f 758/1153/1021 695/1154/1022 694/1150/1020 757/1149/1019
f 759/1155/1023 696/1156/1024 695/1154/1022 758/1153/1021
f 760/1157/1025 697/1158/1026 696/1156/1024 759/1155/1023
f 761/1159/1027 698/1160/1028 697/1158/1026 760/1157/1025
f 751/1138/1008 699/1137/1007 698/1160/1028 761/1159/1027
f 544/980/862 556/993/874 567/1004/884 555/991/872
f 700/967/850 544/980/862 555/991/872 701/978/860
f 692/1161/1029 693/1162/1029 712/1163/1029
f 697/1164/1029 698/1165/1029 712/1163/1029
f 690/1166/1029 691/1167/1029 712/1163/1029
f 695/1168/1029 696/1169/1029 712/1163/1029
f 699/1170/1029 688/1171/1029 712/1163/1029
f 688/1171/1029 689/1172/1029 712/1163/1029
f 693/1162/1029 694/1173/1029 712/1163/1029
f 691/1167/1029 692/1161/1029 712/1163/1029
f 696/1169/1029 697/1164/1029 712/1163/1029
f 689/1172/1029 690/1166/1029 712/1163/1029
f 698/1165/1029 699/1170/1029 712/1163/1029
f 694/1173/1029 695/1168/1029 712/1163/1029
f 500/1174/1030 501/1175/1030 713/1176/1030
f 503/1177/1030 504/1178/1030 713/1176/1030
f 496/1179/1030 497/1180/1030 713/1176/1030
f 506/1181/1030 507/1182/1030 713/1176/1030
f 501/1175/1030 502/1183/1030 713/1176/1030
f 502/1183/1030 503/1177/1030 713/1176/1030
f 498/1184/1030 499/1185/1030 713/1176/1030
f 499/1185/1030 500/1174/1030 713/1176/1030
f 505/1186/1030 506/1181/1030 713/1176/1030
f 507/1182/1030 496/1179/1030 713/1176/1030
f 504/1178/1030 505/1186/1030 713/1176/1030
f 497/1180/1030 498/1184/1030 713/1176/1030
f 518/951/835 517/949/833 726/1187/1031 735/1188/1032
f 511/935/821 510/933/819 727/1189/1033 732/1190/1034
f 516/947/831 515/945/829 729/1191/1035 733/1192/1036
f 508/927/813 519/930/816 728/1193/1037 731/1194/1038
f 509/931/817 508/927/813 731/1194/1038 734/1195/1039
f 514/941/827 513/944/825 730/1196/1040 736/1197/1041
f 512/937/823 511/935/821 732/1190/1034 737/1198/1042
f 517/949/833 516/947/831 733/1192/1036 726/1187/1031
f 510/933/819 509/931/817 734/1195/1039 727/1189/1033
f 519/930/816 518/951/835 735/1188/1032 728/1193/1037
f 515/945/829 514/941/827 736/1197/1041 729/1191/1035
f 513/939/825 512/937/823 737/1198/1042 730/1199/1040
f 725/1200/1043 720/1201/1044 744/923/811 749/925/808
f 724/1202/1045 719/1203/1046 743/919/807 748/910/798
f 723/1204/1047 718/1205/1048 742/901/789 747/914/802
f 722/1206/1049 717/1207/1050 741/917/805 746/906/794
f 721/1208/1051 716/1209/1052 740/909/797 745/902/790
f 720/1201/1044 715/1210/1053 739/905/793 744/923/811
f 719/1203/1046 725/1211/1043 749/920/808 743/919/807
f 717/1207/1050 714/1212/1054 738/913/801 741/917/805
f 714/1212/1054 723/1204/1047 747/914/802 738/913/801
f 716/1209/1052 724/1202/1045 748/910/798 740/909/797
f 715/1210/1053 722/1206/1049 746/906/794 739/905/793
f 718/1205/1048 721/1208/1051 745/902/790 742/901/789
f 687/1123/994 751/1138/1008 761/1159/1027 686/1134/1004
f 686/1134/1004 761/1159/1027 760/1157/1025 685/1133/1003
f 685/1133/1003 760/1157/1025 759/1155/1023 684/1132/1002
f 684/1132/1002 759/1155/1023 758/1153/1021 683/1131/1001
f 683/1131/1001 758/1153/1021 757/1149/1019 682/1129/1000
f 682/1129/1000 757/1149/1019 756/1152/1017 681/1130/999
f 681/1128/999 756/1147/1017 755/1145/1015 680/1127/998
f 680/1127/998 755/1145/1015 754/1143/1013 679/1126/997
f 679/1126/997 754/1143/1013 753/1141/1011 678/1125/996
f 678/1125/996 753/1141/1011 752/1139/1009 677/1124/995
f 677/1124/995 752/1139/1009 750/1135/1005 676/1122/993
f 676/1122/993 750/1135/1005 751/1138/1008 687/1123/994
